Folder,DateTime,SN,Detect OK Use time,at@gpsengine,Enable GPS Module OK Use time,TTFF,SNR1,SNR2,SNR3,SNR4,SNR5,SNR6,SNR7,SNR8,GPS Signal Test PASS Use time,Defective
LI5-1834411M,2018-04-03 23:21:51,G2PX-U7Y-HKE,6064.281999999999,1,3.58,35.0,46.0,46.0,46.0,45.0,46.0,46.0,46.0,46.0,38.41,0.0
LI5-1834411M,2018-04-03 23:04:21,G44J-NWG-XFD,4856.7970000000005,1,3.57,38.0,41.0,41.0,41.0,41.0,41.0,41.0,41.0,40.0,40.99,0.0
LI5-1834411M,2018-04-03 23:52:35,G4C5-MVC-AHK,767.341,1,3.58,30.0,45.0,45.0,45.0,45.0,45.0,45.0,27.0,45.0,32.12,0.0
LI5-1834411M,2018-04-03 23:19:24,G4GC-EWN-B8D,5760.736,1,0.6,27.0,42.0,42.0,42.0,42.0,43.0,43.0,43.0,43.0,57.42,0.0
LI5-1834411M,2018-04-03 22:36:06,G4S8-TT9-ATC,3334.12,1,0.61,23.0,44.0,43.0,44.0,44.0,44.0,44.0,44.0,44.0,26.5,0.0
LI5-1834411M,2018-04-03 23:35:23,G4VK-E2E-C23,6878.5869999999995,1,0.61,36.0,44.0,45.0,45.0,45.0,42.0,42.0,42.0,43.0,39.08,0.0
LI5-1834411M,2018-04-03 22:59:35,G5DC-M29-29X,4728.24,1,0.61,39.0,42.0,42.0,42.0,43.0,42.0,42.0,42.0,42.0,41.41,0.0
LI5-1834411M,2018-04-03 21:46:55,G6FP-CPZ-3W3,241.38,1,0.6,26.0,44.0,44.0,44.0,44.0,44.0,44.0,44.0,44.0,28.39,0.0
LI5-1834411M,2018-04-03 22:56:27,G6ZA-C2T-Z8Z,4414.398,1,0.6,24.0,41.0,41.0,41.0,41.0,41.0,41.0,41.0,30.0,26.46,0.0
LI5-1834411M,2018-04-03 23:14:36,G88C-ABC-BYY,5630.885,1,3.58,33.0,45.0,46.0,45.0,46.0,46.0,46.0,46.0,42.0,36.8,0.0
LI5-1834411M,2018-04-03 23:28:44,G892-GBN-CPG,6338.154,1,0.6,36.0,32.0,40.0,40.0,40.0,30.0,40.0,40.0,40.0,40.01,0.0
LI5-1834411M,2018-04-03 23:26:25,G8BG-6E7-5NU,6180.91,1,0.6,39.0,42.0,42.0,42.0,42.0,42.0,42.0,42.0,41.0,41.32,0.0
LI5-1834411M,2018-04-03 23:08:44,G8HJ-PRB-CN6,5136.657,1,3.57,35.0,41.0,41.0,41.0,41.0,41.0,41.0,41.0,41.0,38.24,0.0
LI5-1834411M,2018-04-03 23:02:23,G8PX-PCB-DPF,4896.598,1,3.57,35.0,44.0,44.0,44.0,44.0,44.0,44.0,44.0,42.0,38.1,0.0
LI5-1834411M,2018-04-03 23:06:51,G8Z3-35D-WUP,5017.219,1,3.56,41.0,41.0,41.0,41.0,41.0,40.0,40.0,40.0,41.0,44.69,0.0
LI5-1834411M,2018-04-03 23:01:27,G986-99E-H57,4690.928,1,0.6,28.0,41.0,41.0,41.0,41.0,40.0,40.0,40.0,40.0,31.59,0.0
LI5-1834411M,2018-04-03 21:48:56,G9VW-YMP-XBW,363.276,1,0.6,24.0,45.0,45.0,45.0,45.0,45.0,45.0,45.0,45.0,27.51,0.0
LI5-1834411M,2018-04-03 23:49:54,GAB8-KPC-PEM,602.192,1,3.58,35.0,46.0,46.0,46.0,46.0,45.0,45.0,27.0,45.0,36.37,0.0
LI5-1834411M,2018-04-03 21:58:22,GAC5-F8P-TZT,1054.965,1,3.57,35.0,45.0,45.0,45.0,45.0,45.0,45.0,45.0,45.0,38.68,0.0
LI5-1834411M,2018-04-03 22:47:26,GARE-W8A-X2T,3862.437,1,0.6,35.0,41.0,41.0,41.0,41.0,41.0,41.0,41.0,40.0,37.4,0.0
LI5-1834411M,2018-04-03 22:54:14,GAV7-EW9-K6N,4269.769,1,0.6,36.0,40.0,40.0,40.0,40.0,41.0,41.0,41.0,30.0,38.08,0.0
LI5-1834411M,2018-04-03 23:13:57,GB8N-4A9-8A5,5454.111,1,0.6,33.0,41.0,42.0,41.0,41.0,41.0,41.0,42.0,41.0,37.04,0.0
LI5-1834411M,2018-04-03 22:27:35,GB94-9SA-5VC,2812.117,1,0.61,35.0,43.0,43.0,43.0,43.0,43.0,43.0,43.0,43.0,38.501,0.0
LI5-1834411M,2018-04-03 22:50:35,GBT5-9RN-A6J,4194.693,1,3.58,29.0,42.0,27.0,42.0,42.0,43.0,42.0,42.0,43.0,32.97,0.0
LI5-1834411M,2018-04-03 22:55:05,GBZG-2V3-T2A,4462.128,1,3.58,32.0,44.0,44.0,44.0,44.0,44.0,44.0,44.0,43.0,34.56,0.0
LI5-1834411M,2018-04-03 21:42:31,GC8D-4JW-Z7X,4.79,1,0.6,0.0,40.0,40.0,41.0,40.0,40.0,40.0,39.0,40.0,0.12,0.0
LI5-1834411M,2018-04-03 22:58:57,GCR5-BCH-SPM,4559.8859999999995,1,0.6,28.0,41.0,41.0,41.0,41.0,39.0,39.0,39.0,38.0,30.97,0.0
LI5-1834411M,2018-04-03 22:21:55,GDSD-2HX-99U,2338.673,1,3.57,26.0,27.0,27.0,26.0,27.0,41.0,41.0,41.0,41.0,28.15,0.0
LI5-1834411M,2018-04-03 21:57:57,GFA8-PHJ-XWA,892.003,1,3.56,32.0,41.0,41.0,41.0,41.0,39.0,39.0,39.0,28.0,35.84,0.0
LI5-1834411M,2018-04-03 23:32:57,GFPC-6G2-YSH,6593.601,1,3.56,31.0,40.0,40.0,40.0,41.0,40.0,40.0,40.0,40.0,34.61,0.0
LI5-1834411M,2018-04-03 22:51:56,GFSV-FDP-PA7,4135.4529999999995,1,0.6,32.0,41.0,29.0,41.0,40.0,41.0,41.0,41.0,30.0,35.38,0.0
LI5-1834411M,2018-04-03 22:46:59,GG4B-KU7-GNG,3972.137,1,0.61,39.0,44.0,44.0,44.0,28.0,44.0,44.0,44.0,44.0,42.53,0.0
LI5-1834411M,2018-04-03 23:29:36,GGEY-MUK-WZH,6532.281,1,3.57,32.0,46.0,46.0,46.0,46.0,46.0,46.0,46.0,46.0,35.43,0.0
LI5-1834411M,2018-04-03 23:55:35,GGKN-29K-7TM,944.7689999999999,1,3.58,32.0,44.0,44.0,44.0,44.0,45.0,45.0,27.0,45.0,34.66,0.0
LI5-1834411M,2018-04-03 23:27:06,GGSS-FA7-E6J,6386.526,1,3.58,28.0,45.0,45.0,44.0,44.0,44.0,45.0,44.0,46.0,31.160999999999998,0.0
LI5-1834411M,2018-04-03 23:09:00,GGTV-SCN-SKR,5292.411,1,0.61,40.0,46.0,46.0,46.0,46.0,45.0,46.0,46.0,42.0,42.25,0.0
LI5-1834411M,2018-04-03 22:28:27,GJ3W-F47-PTX,2725.281,1,3.57,29.0,40.0,40.0,40.0,40.0,40.0,40.0,40.0,40.0,32.58,0.0
LI5-1834411M,2018-04-03 23:56:13,GJAC-CSW-392,549.056,1,3.57,35.0,42.0,42.0,42.0,42.0,41.0,41.0,41.0,41.0,36.91,0.0
LI5-1834411M,2018-04-03 22:25:24,GK56-7V4-EFW,2680.051,1,3.58,35.0,46.0,46.0,46.0,45.0,46.0,46.0,46.0,46.0,35.59,0.0
LI5-1834411M,2018-04-03 21:42:36,GK89-ZBY-6HR,119.93,1,3.57,25.0,42.0,42.0,43.0,42.0,42.0,42.0,42.0,42.0,27.7,0.0
LI5-1834411M,2018-04-03 23:11:19,GMZF-4S3-9CU,5292.845,1,3.57,36.0,43.0,43.0,43.0,43.0,43.0,43.0,43.0,41.0,37.4,0.0
LI5-1834411M,2018-04-03 23:35:55,GN7B-GT5-8UM,6763.115,1,3.57,36.0,40.0,40.0,40.0,41.0,41.0,41.0,41.0,32.0,43.08,0.0
LI5-1834411M,2018-04-03 22:57:06,GN8J-S6U-FEE,4590.544,1,0.61,28.0,42.0,42.0,42.0,43.0,42.0,42.0,42.0,43.0,30.15,0.0
LI5-1834411M,2018-04-03 23:31:48,GNB5-8VG-F2T,6665.899,1,0.61,35.0,44.0,45.0,45.0,45.0,44.0,45.0,45.0,46.0,36.78,0.0
LI5-1834411M,2018-04-03 23:24:24,GNEG-5SV-7XG,6219.64,1,3.57,35.0,46.0,46.0,46.0,46.0,46.0,46.0,46.0,46.0,36.04,0.0
LI5-1834411M,2018-04-03 23:19:36,GNKC-77V-Y2E,5938.184,1,0.61,29.0,45.0,45.0,45.0,45.0,46.0,45.0,46.0,46.0,32.48,0.0
LI5-1834411M,2018-04-03 23:58:35,GPES-JP2-HTF,1097.075,1,0.64,35.0,43.0,43.0,43.0,43.0,45.0,45.0,27.0,45.0,46.61,0.0
LI5-1834411M,2018-04-03 23:43:13,GPZ2-4A8-M7D,7123.482,1,3.54,120.0,40.0,40.0,40.0,41.0,41.0,41.0,41.0,32.0,120.84,1.0
LI5-1834411M,2018-04-03 22:25:26,GR5Z-W3S-TT4,2550.7729999999997,1,0.6,27.0,43.0,43.0,43.0,43.0,43.0,43.0,43.0,43.0,29.04,0.0
LI5-1834411M,2018-04-03 22:30:49,GS8Z-B75-6CX,2844.3559999999998,1,3.57,38.0,41.0,41.0,40.0,41.0,40.0,40.0,40.0,40.0,40.26,0.0
LI5-1834411M,2018-04-03 22:31:25,GSRP-DDG-8WA,3038.2259999999997,1,0.61,38.0,43.0,43.0,43.0,43.0,44.0,44.0,44.0,44.0,41.41,0.0
LI5-1834411M,2018-04-03 22:21:25,GSTZ-VZZ-6TG,2434.903,1,3.58,38.0,46.0,46.0,46.0,45.0,46.0,46.0,46.0,46.0,41.75,0.0
LI5-1834411M,2018-04-03 23:23:49,GTRF-EYA-A7H,6043.4,1,3.56,35.0,41.0,41.0,41.0,41.0,41.0,41.0,41.0,42.0,36.8,0.0
LI5-1834411M,2018-04-03 22:44:50,GTV8-YNV-GJF,3704.4590000000003,1,0.6,37.0,41.0,41.0,40.0,41.0,40.0,40.0,40.0,40.0,39.37,0.0
LI5-1834411M,2018-04-03 23:59:24,GU3S-VEW-Y3C,687.092,1,3.57,29.0,44.0,44.0,44.0,44.0,41.0,41.0,41.0,41.0,89.801,0.0
LI5-1834411M,2018-04-03 22:16:36,GU95-JK9-8H2,2160.5170000000003,1,0.62,27.0,43.0,43.0,43.0,43.0,43.0,42.0,43.0,42.0,30.08,0.0
LI5-1834411M,2018-04-03 21:51:25,GUXP-EZP-6WM,501.584,1,0.6,34.0,41.0,41.0,41.0,41.0,45.0,45.0,45.0,45.0,37.21,0.0
LI5-1834411M,2018-04-03 23:21:27,GUXP-FX6-6TN,5908.861999999999,1,0.6,29.0,42.0,42.0,42.0,42.0,42.0,42.0,42.0,42.0,32.3,0.0
LI5-1834411M,2018-04-03 22:01:21,GVT2-A79-E6N,1235.531,1,3.58,36.0,44.0,44.0,43.0,44.0,44.0,44.0,44.0,44.0,38.12,0.0
LI5-1834411M,2018-04-03 23:16:35,GVXD-5HC-DAE,5759.512,1,0.61,29.0,45.0,46.0,45.0,46.0,46.0,46.0,46.0,46.0,31.13,0.0
LI5-1834411M,2018-04-03 22:49:50,GWUN-YKE-ARH,4002.915,1,3.56,36.0,41.0,41.0,41.0,41.0,42.0,41.0,41.0,40.0,37.96,0.0
LI5-1834411M,2018-04-03 22:52:36,GXUM-HR5-H33,4311.75,1,3.57,33.0,45.0,45.0,45.0,45.0,45.0,45.0,45.0,43.0,35.92,0.0
LI5-1834411M,2018-04-03 23:11:36,GY5C-V65-VUJ,5453.4169999999995,1,0.61,34.0,45.0,46.0,46.0,46.0,45.0,46.0,46.0,42.0,37.29,0.0
LI5-1834411M,2018-04-03 23:30:57,GYUH-EVM-3AJ,6473.813,1,3.57,32.0,42.0,42.0,42.0,42.0,42.0,42.0,42.0,40.0,34.38,0.0
LI5-1834411M,2018-04-03 22:33:52,GYZZ-AZW-YRU,3185.382,1,0.61,40.0,44.0,43.0,44.0,44.0,44.0,44.0,44.0,44.0,41.25,0.0
LI5-1834411M,2018-04-03 23:16:42,GZ7G-77G-UVK,5617.1990000000005,1,0.6,36.0,42.0,42.0,42.0,42.0,42.0,42.0,42.0,41.0,38.94,0.0
LI5-1834411M,2018-04-03 23:04:59,GZEB-AYZ-R5T,5054.665,1,0.61,36.0,47.0,47.0,47.0,47.0,47.0,47.0,47.0,42.0,39.0,0.0
LI5-1834411M,2018-04-03 22:33:43,GZP7-DV6-ENC,3035.454,1,0.6,40.0,41.0,41.0,40.0,41.0,41.0,41.0,41.0,41.0,41.38,0.0
LI5-1834411M,2018-04-04 11:18:32,G23B-D53-PGV,2030.415,1,3.56,29.0,40.0,40.0,40.0,40.0,40.0,40.0,40.0,41.0,32.85,0.0
LI5-1834411M,2018-04-04 07:45:41,G246-BNJ-Y58,474.27,1,3.56,35.0,42.0,42.0,42.0,42.0,42.0,42.0,42.0,42.0,37.4,0.0
LI5-1834411M,2018-04-04 08:05:09,G2DT-3BK-HH3,6050.984,1,0.61,29.0,46.0,46.0,46.0,46.0,46.0,46.0,28.0,46.0,32.81,0.0
LI5-1834411M,2018-04-04 06:13:54,G2ER-SNF-MG7,4682.51,1,3.56,39.0,42.0,42.0,42.0,42.0,41.0,41.0,28.0,26.0,82.84,0.0
LI5-1834411M,2018-04-04 07:44:19,G2FC-694-DWN,709.416,1,0.61,26.0,46.0,46.0,46.0,46.0,46.0,46.0,46.0,46.0,28.43,0.0
LI5-1834411M,2018-04-04 01:09:15,G2G9-WKX-4AD,4848.14,1,3.57,119.0,41.0,41.0,40.0,41.0,40.0,40.0,41.0,40.0,120.09,1.0
LI5-1834411M,2018-04-04 03:24:35,G2KB-T3U-ZAE,1467.808,1,3.58,34.0,45.0,45.0,45.0,45.0,45.0,45.0,45.0,44.0,36.31,0.0
LI5-1834411M,2018-04-04 08:34:09,G2PT-Y43-44D,7791.678000000001,1,3.58,26.0,45.0,45.0,45.0,46.0,46.0,46.0,28.0,46.0,29.16,0.0
LI5-1834411M,2018-04-04 06:21:24,G2UC-N7N-U3B,5975.328,1,3.58,39.0,33.0,45.0,45.0,28.0,45.0,45.0,45.0,45.0,104.85,0.0
LI5-1834411M,2018-04-04 03:55:35,G2UE-KVR-BWS,4641.444,1,3.58,35.0,45.0,45.0,45.0,45.0,45.0,44.0,45.0,45.0,38.08,0.0
LI5-1834411M,2018-04-04 07:55:36,G37J-RE3-EB8,9161.591999999999,1,0.61,33.0,42.0,42.0,41.0,42.0,42.0,42.0,42.0,42.0,35.99,0.0
LI5-1834411M,2018-04-04 11:29:02,G3CP-ZC3-NS6,2663.2309999999998,1,0.6,26.0,40.0,40.0,40.0,40.0,41.0,41.0,41.0,41.0,28.8,0.0
LI5-1834411M,2018-04-04 06:11:05,G3ER-67N-XB8,4478.642,1,0.6,37.0,43.0,43.0,43.0,43.0,41.0,41.0,28.0,26.0,120.38,0.0
LI5-1834411M,2018-04-04 06:22:45,G3G2-57F-EXK,8183.0869999999995,1,3.57,24.0,47.0,48.0,47.0,48.0,47.0,47.0,26.0,30.0,33.15,0.0
LI5-1834411M,2018-04-04 04:36:26,G3G6-PEZ-NB2,1802.16,1,0.61,34.0,47.0,47.0,48.0,48.0,47.0,47.0,48.0,47.0,37.97,0.0
LI5-1834411M,2018-04-04 11:21:20,G3GP-W8B-FFP,2145.015,1,0.6,74.0,40.0,40.0,40.0,40.0,40.0,40.0,40.0,41.0,77.94,0.0
LI5-1834411M,2018-04-04 04:25:38,G3HS-ERM-DAF,1152.407,1,0.61,36.0,48.0,48.0,48.0,48.0,47.0,47.0,47.0,47.0,39.73,0.0
LI5-1834411M,2018-04-04 03:57:51,G3K6-PG9-E7J,1758.888,1,0.61,35.0,45.0,45.0,45.0,45.0,45.0,45.0,45.0,46.0,37.43,0.0
LI5-1834411M,2018-04-04 02:22:24,G3KW-XXP-4D9,4615.584,1,0.61,38.0,45.0,46.0,45.0,45.0,45.0,45.0,45.0,41.0,40.01,0.0
LI5-1834411M,2018-04-04 02:15:54,G3NG-ES4-JH7,686.5939999999999,1,0.61,35.0,45.0,44.0,45.0,45.0,46.0,46.0,45.0,46.0,96.051,0.0
LI5-1834411M,2018-04-04 03:01:46,G3PR-3GV-EA8,2150.417,1,0.6,38.0,46.0,46.0,47.0,46.0,43.0,43.0,43.0,44.0,41.66,0.0
LI5-1834411M,2018-04-04 07:35:28,G3PR-44K-GRK,4262.777,1,3.571,35.0,47.0,47.0,47.0,26.0,27.0,28.0,49.0,49.0,37.03,0.0
LI5-1834411M,2018-04-04 06:03:08,G3S9-M5B-AFX,7011.923000000001,1,3.57,25.0,47.0,47.0,47.0,46.0,46.0,46.0,46.0,47.0,27.29,0.0
LI5-1834411M,2018-04-04 01:17:29,G3T3-H6N-3CS,720.171,1,0.61,38.0,44.0,44.0,44.0,44.0,44.0,44.0,44.0,44.0,41.41,0.0
LI5-1834411M,2018-04-04 02:55:54,G3UH-ZU8-BSJ,1800.682,1,3.57,35.0,45.0,45.0,45.0,45.0,43.0,43.0,43.0,44.0,36.43,0.0
LI5-1834411M,2018-04-04 06:48:20,G3WW-R8V-958,1159.608,1,0.61,25.0,45.0,45.0,45.0,45.0,28.0,45.0,27.0,45.0,28.43,0.0
LI5-1834411M,2018-04-04 04:42:50,G3X8-3DB-SNT,131.186,1,0.61,34.0,46.0,46.0,46.0,46.0,28.0,43.0,30.0,44.0,37.93,0.0
LI5-1834411M,2018-04-04 01:58:23,G44Z-ZKN-6K5,3176.382,1,0.61,35.0,41.0,41.0,41.0,41.0,41.0,41.0,41.0,41.0,38.23,0.0
LI5-1834411M,2018-04-04 04:26:39,G45S-S2Y-9D6,6505.113,1,3.57,36.0,46.0,46.0,46.0,46.0,27.0,45.0,28.0,45.0,38.43,0.0
LI5-1834411M,2018-04-04 05:07:45,G48G-E8C-RUR,758.0089999999999,1,0.6,37.0,42.0,42.0,43.0,42.0,41.0,41.0,28.0,26.0,40.95,0.0
LI5-1834411M,2018-04-04 01:46:35,G48W-FS7-52W,2465.095,1,0.61,40.0,45.0,45.0,45.0,45.0,45.0,45.0,45.0,41.0,42.49,0.0
LI5-1834411M,2018-04-04 03:52:57,G4AG-JS7-HRH,1465.594,1,0.61,34.0,45.0,45.0,45.0,45.0,47.0,46.0,47.0,46.0,36.73,0.0
LI5-1834411M,2018-04-04 01:35:50,G4AP-GUY-SDG,1112.0810000000001,1,3.58,34.0,45.0,45.0,45.0,44.0,44.0,44.0,44.0,44.0,36.19,0.0
LI5-1834411M,2018-04-04 04:12:46,G4DB-XV2-YD4,6413.897,1,0.6,35.0,41.0,41.0,41.0,41.0,41.0,41.0,40.0,43.0,38.24,0.0
LI5-1834411M,2018-04-04 07:55:05,G4G2-6W7-A6P,1346.115,1,0.61,34.0,45.0,45.0,45.0,45.0,42.0,42.0,42.0,41.0,37.73,0.0
LI5-1834411M,2018-04-04 05:20:14,G4GP-7F6-TCE,2372.127,1,3.59,34.0,44.0,44.0,44.0,44.0,28.0,43.0,30.0,44.0,38.01,0.0
LI5-1834411M,2018-04-04 07:37:44,G4H6-KMD-526,299.784,1,3.58,37.0,45.0,45.0,45.0,45.0,45.0,45.0,45.0,46.0,40.09,0.0
LI5-1834411M,2018-04-04 06:46:50,G4HC-8X2-93D,1065.64,1,0.61,30.0,45.0,45.0,45.0,45.0,28.0,45.0,27.0,45.0,32.4,0.0
LI5-1834411M,2018-04-04 02:02:31,G4K8-4KV-GHB,3423.9,1,3.58,35.0,46.0,46.0,46.0,46.0,46.0,46.0,46.0,41.0,35.72,0.0
LI5-1834411M,2018-04-04 06:17:24,G4NX-A5J-5ZG,5791.161999999999,1,0.61,38.0,45.0,45.0,45.0,45.0,28.0,28.0,29.0,45.0,51.99,0.0
LI5-1834411M,2018-04-04 02:32:37,G4RX-67A-56T,1751.524,1,3.57,30.0,44.0,44.0,44.0,44.0,44.0,44.0,44.0,44.0,31.26,0.0
LI5-1834411M,2018-04-04 05:27:58,G4TX-AK6-FGK,2780.985,1,0.61,25.0,44.0,44.0,44.0,28.0,28.0,43.0,30.0,44.0,96.12100000000001,0.0
LI5-1834411M,2018-04-04 03:53:20,G4U9-EU5-VXU,4514.986,1,3.58,26.0,46.0,46.0,46.0,46.0,46.0,46.0,45.0,45.0,29.54,0.0
LI5-1834411M,2018-04-04 03:31:27,G4VN-66P-7PS,3938.429,1,0.6,31.0,43.0,43.0,43.0,43.0,43.0,43.0,43.0,44.0,34.67,0.0
LI5-1834411M,2018-04-04 01:32:35,G4WP-E2G-5PX,1630.4979999999998,1,0.61,34.0,43.0,43.0,43.0,43.0,43.0,43.0,43.0,43.0,36.07,0.0
LI5-1834411M,2018-04-04 12:02:26,G4WU-F4J-5V9,354.30400000000003,1,0.61,120.0,44.0,45.0,44.0,44.0,44.0,27.0,44.0,44.0,120.43,0.0
LI5-1834411M,2018-04-04 02:53:45,G4ZP-GVP-WYC,1114.407,1,3.58,31.0,45.0,45.0,46.0,46.0,47.0,47.0,46.0,47.0,75.61,0.0
LI5-1834411M,2018-04-04 08:06:27,G549-JY4-J6P,1730.145,1,3.57,24.0,40.0,40.0,40.0,40.0,41.0,41.0,41.0,41.0,27.54,0.0
LI5-1834411M,2018-04-04 05:04:23,G58P-4RS-W4J,3477.4359999999997,1,3.57,34.0,46.0,47.0,47.0,47.0,47.0,46.0,47.0,47.0,36.74,0.0
LI5-1834411M,2018-04-04 05:00:56,G5A7-RUD-VGD,3215.8920000000003,1,3.57,35.0,47.0,47.0,47.0,47.0,44.0,44.0,43.0,47.0,91.29,0.0
LI5-1834411M,2018-04-04 09:09:09,G5BZ-DFE-CSK,9894.716999999999,1,0.61,26.0,48.0,48.0,48.0,48.0,48.0,48.0,48.0,48.0,29.13,0.0
LI5-1834411M,2018-04-04 08:52:03,G5CU-2A3-CDZ,8855.016,1,3.58,37.0,48.0,47.0,47.0,47.0,48.0,48.0,48.0,48.0,39.84,0.0
LI5-1834411M,2018-04-04 04:05:02,G5GV-75B-7A9,1099.893,1,0.61,35.0,43.0,44.0,44.0,44.0,45.0,45.0,46.0,45.0,37.55,0.0
LI5-1834411M,2018-04-04 02:12:06,G5JN-URF-424,4006.6290000000004,1,0.61,27.0,45.0,45.0,45.0,45.0,45.0,45.0,45.0,41.0,30.98,0.0
LI5-1834411M,2018-04-04 01:28:27,G5NR-YUB-NP9,6085.022,1,0.6,34.0,41.0,41.0,41.0,30.0,41.0,40.0,41.0,31.0,38.19,0.0
LI5-1834411M,2018-04-04 07:45:29,G5PR-FMD-X7Y,8548.464,1,0.61,40.0,40.0,40.0,40.0,40.0,40.0,41.0,40.0,41.0,42.1,0.0
LI5-1834411M,2018-04-04 06:00:32,G5RD-RD8-KEW,6845.095,1,3.57,36.0,44.0,28.0,45.0,45.0,46.0,46.0,46.0,47.0,38.12,0.0
LI5-1834411M,2018-04-04 05:10:57,G5TS-KEY-VAJ,953.935,1,3.56,31.0,42.0,42.0,42.0,42.0,41.0,41.0,28.0,26.0,34.07,0.0
LI5-1834411M,2018-04-04 02:55:55,G5TW-9B6-RJH,256.09,1,3.57,34.0,29.0,45.0,45.0,45.0,45.0,45.0,29.0,45.0,36.3,0.0
LI5-1834411M,2018-04-04 06:04:50,G5U9-CYY-TFE,5051.670999999999,1,3.58,31.0,45.0,45.0,45.0,45.0,45.0,29.0,27.0,45.0,34.5,0.0
LI5-1834411M,2018-04-04 02:46:38,G5WM-DHM-5AT,2591.263,1,0.61,33.0,44.0,44.0,44.0,44.0,44.0,44.0,44.0,43.0,35.38,0.0
LI5-1834411M,2018-04-04 08:23:33,G624-UTN-XEM,7145.965999999999,1,3.58,35.0,45.0,45.0,45.0,46.0,46.0,46.0,28.0,46.0,38.88,0.0
LI5-1834411M,2018-04-04 04:47:08,G636-YCK-RBJ,2452.591,1,3.58,24.0,47.0,47.0,47.0,47.0,47.0,48.0,47.0,47.0,26.57,0.0
LI5-1834411M,2018-04-04 05:03:51,G63T-R9H-NR3,527.342,1,0.6,34.0,44.0,43.0,44.0,43.0,41.0,41.0,41.0,41.0,37.62,0.0
LI5-1834411M,2018-04-04 02:24:54,G6B7-5SK-4E5,1285.3410000000001,1,0.61,35.0,29.0,42.0,42.0,42.0,42.0,42.0,42.0,42.0,38.31,0.0
LI5-1834411M,2018-04-04 03:20:13,G6BR-DVX-4TS,2522.157,1,3.58,33.0,46.0,46.0,46.0,46.0,44.0,44.0,34.0,44.0,35.34,0.0
LI5-1834411M,2018-04-04 04:19:33,G6C5-V3N-WHX,785.977,1,0.61,38.0,48.0,48.0,47.0,47.0,47.0,46.0,47.0,47.0,41.15,0.0
LI5-1834411M,2018-04-04 02:09:24,G6FA-FYU-YN8,3836.1809999999996,1,3.58,33.0,42.0,42.0,42.0,42.0,42.0,42.0,42.0,41.0,36.46,0.0
LI5-1834411M,2018-04-04 03:12:06,G6FX-D3R-9RS,2025.6660000000002,1,3.57,25.0,46.0,46.0,45.0,46.0,46.0,45.0,46.0,45.0,44.86,0.0
LI5-1834411M,2018-04-04 01:29:35,G6FX-FJ6-MPR,1451.08,1,0.61,33.0,43.0,43.0,43.0,43.0,43.0,43.0,43.0,43.0,35.47,0.0
LI5-1834411M,2018-04-04 04:58:27,G6TA-8AG-A66,3123.0040000000004,1,0.61,36.0,44.0,45.0,44.0,44.0,44.0,44.0,43.0,47.0,38.13,0.0
LI5-1834411M,2018-04-04 01:22:59,G6UU-SZR-A8V,5744.444,1,0.6,39.0,28.0,39.0,39.0,39.0,30.0,41.0,41.0,41.0,50.49,0.0
LI5-1834411M,2018-04-04 01:19:13,G6WX-B36-MRJ,5494.419,1,3.56,22.0,42.0,42.0,42.0,42.0,41.0,41.0,41.0,41.0,71.56,0.0
LI5-1834411M,2018-04-04 02:46:28,G73T-TKN-H33,716.3530000000001,1,0.61,37.0,46.0,47.0,47.0,46.0,47.0,47.0,46.0,47.0,39.61,0.0
LI5-1834411M,2018-04-04 07:53:09,G742-NRG-TNM,5332.839,1,3.58,24.0,46.0,46.0,47.0,46.0,46.0,46.0,28.0,46.0,27.98,0.0
LI5-1834411M,2018-04-04 06:34:35,G76R-E33-25H,647.116,1,0.61,1.0,46.0,46.0,46.0,46.0,27.0,28.0,49.0,49.0,2.91,0.0
LI5-1834411M,2018-04-04 03:50:36,G78A-3WD-9KE,4344.468,1,3.57,34.0,47.0,47.0,47.0,47.0,45.0,45.0,45.0,45.0,36.06,0.0
LI5-1834411M,2018-04-04 05:15:49,G78M-4BF-AWG,2112.26,1,0.61,34.0,47.0,47.0,47.0,47.0,28.0,43.0,30.0,44.0,35.851,0.0
LI5-1834411M,2018-04-04 07:39:39,G798-KNN-V6G,4523.834,1,3.57,24.0,46.0,47.0,46.0,46.0,27.0,28.0,49.0,49.0,26.98,0.0
LI5-1834411M,2018-04-04 07:56:00,G7CR-N6H-27V,1071.229,1,0.6,27.0,41.0,41.0,41.0,41.0,42.0,42.0,42.0,41.0,62.42,0.0
LI5-1834411M,2018-04-04 01:30:50,G7EG-BX2-FBU,808.877,1,3.57,37.0,43.0,29.0,43.0,44.0,26.0,37.0,36.0,36.0,39.41,0.0
LI5-1834411M,2018-04-04 02:58:07,G7G2-56C-W9U,387.67800000000005,1,3.57,35.0,43.0,44.0,44.0,34.0,44.0,44.0,44.0,43.0,35.74,0.0
LI5-1834411M,2018-04-04 03:25:20,G7HZ-PYU-ZCC,2840.577,1,0.61,23.0,46.0,47.0,47.0,47.0,46.0,47.0,46.0,44.0,26.91,0.0
LI5-1834411M,2018-04-04 03:35:43,G7K2-M73-EFM,4188.173,1,3.57,34.0,46.0,45.0,46.0,46.0,46.0,46.0,45.0,44.0,37.96,0.0
LI5-1834411M,2018-04-04 03:46:49,G7KF-WRU-AD7,4124.811,1,0.61,29.0,45.0,45.0,44.0,45.0,45.0,45.0,45.0,45.0,31.67,0.0
LI5-1834411M,2018-04-04 11:26:32,G7NE-74J-8Z3,2491.521,1,0.6,42.0,40.0,40.0,40.0,40.0,33.0,33.0,26.0,33.0,43.44,0.0
LI5-1834411M,2018-04-04 06:28:09,G7XF-CMF-4V7,257.732,1,3.55,0.0,45.0,45.0,45.0,45.0,27.0,30.0,30.0,30.0,3.06,0.0
LI5-1834411M,2018-04-04 10:56:31,G7ZR-BXR-NCZ,703.7810000000001,1,3.56,26.0,42.0,42.0,42.0,42.0,41.0,40.0,33.0,41.0,28.58,0.0
LI5-1834411M,2018-04-04 02:50:30,G83A-AZG-4FV,956.2310000000001,1,0.61,37.0,46.0,46.0,45.0,46.0,47.0,47.0,46.0,47.0,40.74,0.0
LI5-1834411M,2018-04-04 06:09:28,G86E-WHJ-JK7,7378.396,1,3.57,37.0,47.0,47.0,47.0,30.0,47.0,46.0,29.0,47.0,40.82,0.0
LI5-1834411M,2018-04-04 11:17:00,G8CF-67W-C2D,1904.5179999999998,1,3.57,52.0,31.0,31.0,31.0,31.0,30.0,29.0,29.0,30.0,54.34,0.0
LI5-1834411M,2018-04-04 08:13:03,G8DY-VUE-3A5,6512.249,1,3.57,39.0,46.0,47.0,47.0,47.0,46.0,46.0,28.0,46.0,42.58,0.0
LI5-1834411M,2018-04-04 07:29:14,G8EF-EN9-KMY,302.638,1,3.54,34.0,42.0,41.0,42.0,42.0,39.0,39.0,29.0,39.0,35.97,0.0
LI5-1834411M,2018-04-04 01:39:50,G8ET-UG6-KYY,1361.805,1,3.58,23.0,45.0,45.0,46.0,45.0,46.0,46.0,45.0,44.0,26.46,0.0
LI5-1834411M,2018-04-04 11:14:40,G8FF-3AH-VYX,1716.3,1,3.57,120.0,31.0,31.0,31.0,31.0,32.0,32.0,31.0,28.0,120.23,1.0
LI5-1834411M,2018-04-04 03:32:19,G8J9-9HK-WJY,3216.152,1,3.57,62.0,29.0,27.0,30.0,46.0,46.0,28.0,46.0,29.0,67.39,0.0
LI5-1834411M,2018-04-04 01:11:50,G8K4-3M8-58N,382.09,1,3.59,35.0,28.0,43.0,43.0,43.0,44.0,44.0,43.0,43.0,37.51,0.0
LI5-1834411M,2018-04-04 03:36:05,G8KR-B68-55W,461.564,1,0.61,26.0,46.0,46.0,46.0,46.0,46.0,46.0,46.0,47.0,28.73,0.0
LI5-1834411M,2018-04-04 01:32:12,G8RA-V86-VH3,6309.661999999999,1,0.6,36.0,42.0,43.0,43.0,42.0,28.0,42.0,42.0,42.0,38.27,0.0
LI5-1834411M,2018-04-04 07:46:12,G8RH-TYW-B75,812.3330000000001,1,0.61,35.0,43.0,43.0,43.0,43.0,43.0,43.0,43.0,43.0,38.5,0.0
LI5-1834411M,2018-04-04 06:56:49,G8SK-U5H-CMS,1666.3310000000001,1,3.58,25.0,46.0,46.0,46.0,46.0,28.0,45.0,27.0,45.0,27.73,0.0
LI5-1834411M,2018-04-04 07:47:36,G8UB-S27-KDD,8679.353000000001,1,0.61,35.0,42.0,42.0,42.0,42.0,42.0,42.0,42.0,42.0,38.23,0.0
LI5-1834411M,2018-04-04 04:14:56,G8W7-9G5-R7H,6555.903,1,0.6,24.0,46.0,46.0,46.0,46.0,46.0,46.0,46.0,43.0,26.23,0.0
LI5-1834411M,2018-04-04 03:59:37,G8X3-DDR-S8S,4885.488,1,0.61,36.0,46.0,46.0,46.0,46.0,46.0,46.0,46.0,45.0,39.03,0.0
LI5-1834411M,2018-04-04 06:51:17,G8XM-E8H-PT4,1326.516,1,0.61,36.0,46.0,46.0,46.0,46.0,28.0,45.0,27.0,45.0,38.52,0.0
LI5-1834411M,2018-04-04 04:33:51,G8Y3-TJ8-SA8,1562.0720000000001,1,3.58,119.0,47.0,47.0,47.0,47.0,47.0,47.0,47.0,47.0,120.15,1.0
LI5-1834411M,2018-04-04 07:51:50,G8Y8-ZEY-N28,790.465,1,3.56,88.0,41.0,41.0,41.0,41.0,41.0,41.0,41.0,41.0,90.21,0.0
LI5-1834411M,2018-04-04 01:21:35,G92R-KXC-ZXK,970.645,1,0.61,34.0,42.0,42.0,42.0,43.0,42.0,42.0,42.0,42.0,36.94,0.0
LI5-1834411M,2018-04-04 07:51:36,G94C-JD5-C49,8914.826,1,3.57,36.0,40.0,40.0,40.0,41.0,40.0,41.0,40.0,40.0,39.8,0.0
LI5-1834411M,2018-04-04 01:02:36,G95Y-VAR-JNT,4935.073,1,3.58,33.0,44.0,44.0,44.0,44.0,44.0,43.0,44.0,43.0,36.611,0.0
LI5-1834411M,2018-04-04 05:27:39,G97X-KTH-XK9,4876.338,1,0.61,33.0,48.0,48.0,47.0,48.0,46.0,46.0,46.0,47.0,36.81,0.0
LI5-1834411M,2018-04-04 08:26:08,G9CR-9VA-BTS,7311.064,1,0.61,29.0,47.0,47.0,47.0,48.0,46.0,46.0,28.0,46.0,31.75,0.0
LI5-1834411M,2018-04-04 02:39:32,G9HG-WFM-XZS,2161.945,1,3.58,34.0,45.0,45.0,45.0,45.0,45.0,45.0,45.0,45.0,35.74,0.0
LI5-1834411M,2018-04-04 07:57:44,G9KT-EHS-VHF,1505.634,1,0.61,34.0,46.0,46.0,45.0,45.0,45.0,45.0,45.0,45.0,37.21,0.0
LI5-1834411M,2018-04-04 03:22:06,G9KW-AZP-H3C,2858.592,1,0.61,32.0,47.0,47.0,47.0,46.0,46.0,46.0,46.0,47.0,34.41,0.0
LI5-1834411M,2018-04-04 03:40:57,G9M2-XUB-82C,4511.6759999999995,1,0.6,28.0,45.0,45.0,44.0,44.0,44.0,44.0,45.0,44.0,31.44,0.0
LI5-1834411M,2018-04-04 11:51:32,G9NE-7AD-8NH,4005.739,1,3.54,27.0,43.0,43.0,43.0,43.0,43.0,43.0,43.0,43.0,29.11,0.0
LI5-1834411M,2018-04-04 00:54:56,G9PB-6NB-TB6,4078.1809999999996,1,3.57,28.0,44.0,44.0,44.0,29.0,44.0,44.0,44.0,41.0,30.75,0.0
LI5-1834411M,2018-04-04 01:45:27,G9SG-CAB-J7E,7102.889,1,0.6,37.0,42.0,41.0,42.0,42.0,42.0,42.0,42.0,41.0,40.071,0.0
LI5-1834411M,2018-04-04 01:16:27,G9SP-BKE-DWB,5361.533,1,0.6,38.0,42.0,42.0,42.0,42.0,41.0,41.0,41.0,41.0,41.4,0.0
LI5-1834411M,2018-04-04 11:08:48,G9SV-3HR-ZXD,1374.856,1,0.6,93.0,31.0,31.0,31.0,31.0,31.0,31.0,31.0,29.0,94.95100000000001,0.0
LI5-1834411M,2018-04-04 03:26:34,G9TX-J45-YU7,3128.2259999999997,1,0.61,31.0,46.0,47.0,47.0,47.0,46.0,46.0,46.0,47.0,33.75,0.0
LI5-1834411M,2018-04-04 07:49:18,G9UA-JZM-NH7,681.196,1,3.56,23.0,41.0,41.0,41.0,41.0,41.0,41.0,41.0,41.0,47.481,0.0
LI5-1834411M,2018-04-04 12:48:14,G9UT-52P-M92,199.987,1,3.58,56.0,34.0,34.0,34.0,34.0,30.0,31.0,27.0,31.0,98.97,0.0
LI5-1834411M,2018-04-04 03:04:08,G9V6-KGE-VYB,248.95,1,3.58,26.0,30.0,29.0,45.0,45.0,46.0,46.0,46.0,46.0,28.15,0.0
LI5-1834411M,2018-04-04 05:02:39,G9VN-JJK-EZU,3376.558,1,3.58,31.0,47.0,47.0,47.0,47.0,47.0,47.0,47.0,47.0,33.62,0.0
LI5-1834411M,2018-04-04 07:39:44,GA29-B82-PKV,418.56199999999995,1,3.59,38.0,46.0,46.0,45.0,46.0,46.0,46.0,46.0,46.0,41.29,0.0
LI5-1834411M,2018-04-04 02:38:23,GA4T-WMC-FCG,229.578,1,0.61,39.0,47.0,46.0,46.0,46.0,46.0,46.0,46.0,46.0,40.51,0.0
LI5-1834411M,2018-04-04 04:03:27,GA5C-82H-KXP,5861.62,1,3.56,25.0,43.0,44.0,43.0,43.0,43.0,43.0,43.0,44.0,28.83,0.0
LI5-1834411M,2018-04-04 04:16:50,GA75-SJE-4MK,5927.828,1,0.61,27.0,47.0,47.0,46.0,46.0,47.0,47.0,46.0,45.0,29.68,0.0
LI5-1834411M,2018-04-04 01:12:48,GA79-K2D-925,5083.709,1,0.6,40.0,41.0,41.0,42.0,41.0,40.0,40.0,40.0,40.0,100.22,0.0
LI5-1834411M,2018-04-04 07:57:57,GA89-X5B-CWZ,1218.635,1,0.6,29.0,41.0,41.0,41.0,41.0,42.0,42.0,42.0,41.0,32.01,0.0
LI5-1834411M,2018-04-04 03:32:35,GADA-EN8-NUT,1948.684,1,3.57,34.0,30.0,46.0,31.0,45.0,45.0,45.0,45.0,44.0,35.44,0.0
LI5-1834411M,2018-04-04 01:19:50,GAFY-VMV-5PT,867.087,1,0.61,34.0,45.0,45.0,45.0,45.0,44.0,44.0,44.0,44.0,35.59,0.0
LI5-1834411M,2018-04-04 02:40:05,GAK7-A97-BHF,339.744,1,3.57,27.0,46.0,47.0,47.0,47.0,46.0,47.0,46.0,47.0,29.28,0.0
LI5-1834411M,2018-04-04 02:37:55,GAMU-7TC-674,2064.806,1,0.61,35.0,42.0,41.0,42.0,42.0,42.0,42.0,41.0,44.0,38.85,0.0
LI5-1834411M,2018-04-04 02:09:09,GAN2-PV8-CWV,349.52,1,3.57,23.0,31.0,43.0,43.0,43.0,43.0,43.0,43.0,43.0,25.17,0.0
LI5-1834411M,2018-04-04 00:01:55,GAPM-7UA-ECU,903.921,1,3.57,22.0,43.0,44.0,30.0,44.0,44.0,44.0,44.0,41.0,24.06,0.0
LI5-1834411M,2018-04-04 05:31:26,GARZ-XR5-W78,5098.353,1,0.61,39.0,47.0,47.0,47.0,48.0,48.0,31.0,33.0,47.0,41.79,0.0
LI5-1834411M,2018-04-04 07:03:20,GASB-JV9-7JW,2050.84,1,0.61,34.0,46.0,46.0,46.0,47.0,28.0,45.0,27.0,45.0,37.21,0.0
LI5-1834411M,2018-04-04 03:48:27,GASU-TDD-EUM,4959.168,1,0.6,31.0,43.0,43.0,43.0,43.0,43.0,43.0,43.0,44.0,33.951,0.0
LI5-1834411M,2018-04-04 02:07:02,GAUF-482-WGZ,207.88400000000001,1,3.58,37.0,46.0,46.0,46.0,47.0,47.0,46.0,46.0,46.0,39.78,0.0
LI5-1834411M,2018-04-04 04:22:46,GAWV-CWF-VGM,7012.423000000001,1,3.57,33.0,45.0,45.0,45.0,45.0,45.0,45.0,45.0,43.0,36.76,0.0
LI5-1834411M,2018-04-04 07:59:55,GAXT-KGR-GV2,1330.963,1,3.57,32.0,41.0,41.0,41.0,41.0,42.0,42.0,42.0,41.0,34.71,0.0
LI5-1834411M,2018-04-04 01:25:22,GAYE-DC4-U89,1139.505,1,0.61,38.0,42.0,42.0,43.0,42.0,42.0,42.0,42.0,42.0,94.05,0.0
LI5-1834411M,2018-04-04 03:44:50,GB3C-YC2-FNR,4012.353,1,0.61,22.0,46.0,46.0,46.0,46.0,46.0,46.0,46.0,45.0,25.14,0.0
LI5-1834411M,2018-04-04 02:06:05,GB64-CAK-XM4,3647.357,1,3.57,24.0,45.0,45.0,46.0,46.0,46.0,46.0,45.0,41.0,26.3,0.0
LI5-1834411M,2018-04-04 02:24:06,GB6T-VJF-77M,4722.6,1,3.58,28.0,45.0,45.0,46.0,46.0,45.0,46.0,46.0,41.0,32.05,0.0
LI5-1834411M,2018-04-04 01:56:36,GB92-Y76-3GM,3070.3740000000003,1,0.61,35.0,43.0,43.0,43.0,42.0,43.0,43.0,42.0,41.0,37.2,0.0
LI5-1834411M,2018-04-04 02:17:31,GBA4-G78-UHW,842.6410000000001,1,3.58,34.0,45.0,44.0,45.0,45.0,44.0,28.0,44.0,27.0,35.02,0.0
LI5-1834411M,2018-04-04 01:36:06,GBDF-JH8-Z9V,1842.774,1,0.61,32.0,45.0,45.0,45.0,45.0,45.0,46.0,45.0,45.0,34.8,0.0
LI5-1834411M,2018-04-04 04:03:56,GBDS-S6G-BY4,2125.3920000000003,1,0.61,34.0,46.0,46.0,46.0,47.0,46.0,46.0,46.0,46.0,36.94,0.0
LI5-1834411M,2018-04-04 11:55:09,GBK9-B4B-69R,4.282,1,3.58,29.0,44.0,45.0,44.0,44.0,44.0,27.0,44.0,44.0,32.55,0.0
LI5-1834411M,2018-04-04 01:51:36,GBNA-CPU-EX4,2768.969,1,0.61,35.0,45.0,45.0,45.0,45.0,45.0,45.0,45.0,41.0,38.63,0.0
LI5-1834411M,2018-04-04 11:38:59,GBSD-BU5-RDJ,3236.2,1,0.6,39.0,40.0,40.0,40.0,40.0,39.0,39.0,39.0,38.0,45.78,0.0
LI5-1834411M,2018-04-04 02:23:09,GBUV-GD2-BRE,1188.095,1,3.57,23.0,28.0,43.0,42.0,42.0,26.0,43.0,42.0,42.0,26.63,0.0
LI5-1834411M,2018-04-04 07:12:39,GBWX-9NN-5H4,2896.52,1,0.61,34.0,47.0,47.0,47.0,47.0,27.0,28.0,49.0,49.0,37.25,0.0
LI5-1834411M,2018-04-04 05:25:20,GC6E-2TD-R35,1812.184,1,0.6,39.0,42.0,42.0,43.0,31.0,41.0,41.0,28.0,26.0,41.79,0.0
LI5-1834411M,2018-04-04 07:49:30,GC6G-9VC-BAC,8790.338,1,0.61,38.0,41.0,41.0,41.0,41.0,41.0,41.0,41.0,41.0,41.26,0.0
LI5-1834411M,2018-04-04 07:59:39,GCEB-6ZU-JS5,5720.854,1,0.61,29.0,46.0,46.0,47.0,46.0,46.0,46.0,28.0,46.0,32.94,0.0
LI5-1834411M,2018-04-04 06:44:52,GCMR-J4S-5DR,950.502,1,0.61,24.0,45.0,46.0,45.0,46.0,28.0,45.0,27.0,45.0,29.52,0.0
LI5-1834411M,2018-04-04 03:54:46,GCP2-RFC-6KZ,5332.529,1,3.57,33.0,45.0,45.0,46.0,45.0,42.0,42.0,42.0,44.0,36.63,0.0
LI5-1834411M,2018-04-04 03:24:26,GCPK-EN5-JE7,3508.8259999999996,1,3.56,38.0,42.0,42.0,42.0,29.0,42.0,42.0,30.0,44.0,40.311,0.0
LI5-1834411M,2018-04-04 04:51:40,GCSC-6VN-Z36,696.768,1,0.61,1.0,46.0,47.0,47.0,47.0,28.0,43.0,30.0,44.0,2.33,0.0
LI5-1834411M,2018-04-04 04:27:21,GCTM-CZW-DJG,7286.85,1,3.56,34.0,43.0,43.0,43.0,43.0,45.0,45.0,45.0,43.0,37.35,0.0
LI5-1834411M,2018-04-04 05:33:39,GCTV-3GZ-XJ5,5238.701,1,3.57,28.0,48.0,48.0,48.0,48.0,48.0,31.0,33.0,47.0,31.49,0.0
LI5-1834411M,2018-04-04 03:02:36,GCYA-732-JCG,150.18200000000002,1,0.61,35.0,45.0,46.0,46.0,46.0,46.0,46.0,46.0,46.0,37.88,0.0
LI5-1834411M,2018-04-04 05:29:32,GCZ8-4K7-A8R,4988.347,1,0.61,36.0,47.0,47.0,47.0,47.0,46.0,46.0,46.0,47.0,37.79,0.0
LI5-1834411M,2018-04-04 03:29:41,GD5D-V3J-MDN,3093.414,1,0.61,34.0,45.0,44.0,45.0,45.0,46.0,47.0,46.0,44.0,35.07,0.0
LI5-1834411M,2018-04-04 07:53:36,GD7P-33K-7WD,9033.624,1,3.57,38.0,42.0,42.0,42.0,42.0,42.0,42.0,42.0,42.0,40.98,0.0
LI5-1834411M,2018-04-04 04:50:03,GD8T-875-S35,2620.549,1,0.61,33.0,46.0,47.0,46.0,46.0,47.0,46.0,47.0,47.0,36.6,0.0
LI5-1834411M,2018-04-04 07:52:50,GDBA-58X-BHS,1211.157,1,3.57,32.0,42.0,42.0,42.0,42.0,42.0,42.0,42.0,41.0,34.72,0.0
LI5-1834411M,2018-04-04 03:22:17,GDCT-VXJ-EXX,1248.4089999999999,1,0.61,120.0,47.0,47.0,47.0,47.0,47.0,47.0,48.0,44.0,120.51,0.0
LI5-1834411M,2018-04-04 08:03:33,GDDH-7MW-NH3,5943.876,1,3.57,37.0,46.0,47.0,47.0,47.0,46.0,46.0,28.0,46.0,40.97,0.0
LI5-1834411M,2018-04-04 05:17:54,GDFC-5SC-2Z4,4290.384,1,0.61,34.0,47.0,48.0,48.0,48.0,48.0,48.0,47.0,47.0,37.76,0.0
LI5-1834411M,2018-04-04 01:13:36,GDKN-TZ5-YB5,498.046,1,0.61,26.0,44.0,43.0,44.0,44.0,44.0,44.0,44.0,44.0,29.52,0.0
LI5-1834411M,2018-04-04 01:48:05,GDN3-TVE-5A4,2570.833,1,0.61,23.0,43.0,43.0,43.0,43.0,43.0,43.0,43.0,41.0,25.72,0.0
LI5-1834411M,2018-04-04 04:24:57,GDRS-AF5-KWD,7150.5019999999995,1,0.6,29.0,45.0,44.0,44.0,45.0,45.0,45.0,45.0,43.0,32.65,0.0
LI5-1834411M,2018-04-04 03:08:00,GDSW-SR2-SZA,472.69599999999997,1,3.58,33.0,46.0,46.0,46.0,46.0,45.0,45.0,45.0,46.0,36.42,0.0
LI5-1834411M,2018-04-04 05:05:55,GDU7-X6A-EJ9,649.11,1,3.57,36.0,42.0,42.0,43.0,42.0,41.0,41.0,41.0,41.0,36.88,0.0
LI5-1834411M,2018-04-04 06:43:26,GDUD-H4Z-AF6,1224.687,1,0.6,31.0,42.0,42.0,42.0,42.0,42.0,42.0,29.0,41.0,33.08,0.0
LI5-1834411M,2018-04-04 07:58:21,GDUE-J98-TPJ,9320.919,1,3.58,35.0,41.0,41.0,41.0,41.0,41.0,41.0,41.0,41.0,38.69,0.0
LI5-1834411M,2018-04-04 04:45:09,GDUU-3E6-N66,2324.203,1,3.58,32.0,47.0,47.0,47.0,47.0,47.0,47.0,47.0,47.0,35.97,0.0
LI5-1834411M,2018-04-04 01:17:50,GDZJ-SGE-6E5,43.214,1,0.61,24.0,44.0,44.0,44.0,44.0,44.0,44.0,44.0,44.0,28.01,0.0
LI5-1834411M,2018-04-04 06:55:12,GE3W-YTX-3S2,1559.8329999999999,1,0.61,39.0,45.0,45.0,45.0,46.0,28.0,45.0,27.0,45.0,40.32,0.0
LI5-1834411M,2018-04-04 03:02:53,GE5K-7MZ-GZC,1698.9260000000002,1,3.58,36.0,45.0,46.0,46.0,45.0,46.0,46.0,46.0,47.0,38.11,0.0
LI5-1834411M,2018-04-04 02:57:56,GE5N-7MM-BXR,1925.2579999999998,1,0.6,34.0,45.0,45.0,46.0,45.0,43.0,43.0,43.0,44.0,36.81,0.0
LI5-1834411M,2018-04-04 01:57:28,GE6Z-REC-TVW,3386.5759999999996,1,0.61,38.0,44.0,45.0,45.0,45.0,45.0,45.0,45.0,45.0,41.41,0.0
LI5-1834411M,2018-04-04 01:05:27,GE87-AJ4-DS9,4700.742,1,0.6,39.0,41.0,41.0,40.0,41.0,40.0,40.0,41.0,40.0,42.18,0.0
LI5-1834411M,2018-04-04 01:41:46,GE8H-6T3-XDS,6883.415,1,0.6,35.0,45.0,44.0,45.0,45.0,41.0,41.0,41.0,41.0,38.53,0.0
LI5-1834411M,2018-04-04 03:52:27,GEAU-C5F-DA7,5200.103,1,3.57,27.0,42.0,42.0,42.0,42.0,42.0,42.0,42.0,44.0,30.04,0.0
LI5-1834411M,2018-04-04 04:01:27,GEBF-C9C-27X,5737.762,1,0.6,32.0,46.0,46.0,45.0,46.0,46.0,46.0,46.0,44.0,35.37,0.0
LI5-1834411M,2018-04-04 05:44:27,GED6-BEH-KA6,5881.478,1,0.61,37.0,28.0,28.0,45.0,28.0,48.0,31.0,33.0,47.0,39.67,0.0
LI5-1834411M,2018-04-04 03:48:53,GEDK-TUU-KGR,1218.0710000000001,1,3.58,34.0,46.0,47.0,46.0,46.0,47.0,46.0,47.0,46.0,37.27,0.0
LI5-1834411M,2018-04-04 04:09:10,GEE4-PVA-VXT,5457.453,1,3.57,34.0,46.0,46.0,46.0,46.0,46.0,46.0,46.0,45.0,37.1,0.0
LI5-1834411M,2018-04-04 08:08:25,GEEW-8JT-GYX,6178.661999999999,1,3.58,38.0,48.0,48.0,48.0,48.0,46.0,46.0,28.0,46.0,98.18,0.0
LI5-1834411M,2018-04-04 02:55:45,GEF2-YMH-EJU,1273.015,1,0.61,26.0,28.0,46.0,46.0,45.0,46.0,46.0,46.0,47.0,38.95,0.0
LI5-1834411M,2018-04-04 10:59:53,GEFH-Z25-ZWX,824.166,1,0.6,119.0,42.0,42.0,42.0,42.0,41.0,40.0,33.0,41.0,120.06,1.0
LI5-1834411M,2018-04-04 01:15:21,GEFP-KXC-BGB,594.472,1,0.61,35.0,42.0,42.0,42.0,42.0,44.0,44.0,44.0,44.0,38.08,0.0
LI5-1834411M,2018-04-04 03:28:27,GEHC-799-Y5B,3753.363,1,0.6,37.0,44.0,44.0,44.0,44.0,44.0,44.0,44.0,44.0,39.74,0.0
LI5-1834411M,2018-04-04 08:40:58,GEHU-MH8-W6C,8195.215,1,0.61,34.0,45.0,45.0,45.0,45.0,46.0,46.0,28.0,46.0,37.61,0.0
LI5-1834411M,2018-04-04 05:02:07,GEN5-2HU-G7A,1282.7069999999999,1,3.58,38.0,47.0,47.0,48.0,47.0,28.0,43.0,30.0,44.0,40.42,0.0
LI5-1834411M,2018-04-04 07:53:26,GEP7-NG2-UCH,951.373,1,3.57,23.0,42.0,42.0,42.0,42.0,42.0,42.0,42.0,41.0,25.29,0.0
LI5-1834411M,2018-04-04 03:41:06,GER4-W92-SVW,758.441,1,3.57,26.0,27.0,46.0,47.0,46.0,46.0,45.0,46.0,46.0,29.88,0.0
LI5-1834411M,2018-04-04 11:05:25,GESD-HKB-FPG,1149.547,1,3.57,58.0,31.0,31.0,31.0,31.0,32.0,32.0,32.0,32.0,114.29,0.0
LI5-1834411M,2018-04-04 01:54:05,GEUU-R54-F3F,2926.866,1,0.61,27.0,43.0,43.0,43.0,43.0,43.0,43.0,43.0,41.0,29.71,0.0
LI5-1834411M,2018-04-04 07:46:45,GEX8-NPB-CXD,4919.215999999999,1,3.58,37.0,47.0,48.0,48.0,48.0,46.0,46.0,28.0,46.0,57.601000000000006,0.0
LI5-1834411M,2018-04-04 02:43:21,GEY6-MEH-VX4,1049.9569999999999,1,0.6,34.0,26.0,42.0,42.0,42.0,42.0,42.0,42.0,42.0,37.38,0.0
LI5-1834411M,2018-04-04 05:08:20,GF4N-24E-ZUG,3630.975,1,3.57,120.0,46.0,47.0,47.0,47.0,47.0,46.0,47.0,47.0,120.44,0.0
LI5-1834411M,2018-04-04 05:33:39,GF5C-92W-RFB,2265.661,1,3.56,69.0,43.0,43.0,43.0,43.0,41.0,41.0,28.0,26.0,84.37,0.0
LI5-1834411M,2018-04-04 12:20:32,GF5F-65S-TPW,775.0,1,3.57,79.0,34.0,33.0,34.0,34.0,33.0,33.0,34.0,33.0,82.59,0.0
LI5-1834411M,2018-04-04 07:42:18,GF76-5YA-EVB,531.4780000000001,1,3.58,35.0,46.0,46.0,46.0,46.0,46.0,46.0,46.0,46.0,82.38,0.0
LI5-1834411M,2018-04-04 03:48:43,GFAE-25C-FXR,4233.839,1,0.61,35.0,46.0,46.0,46.0,46.0,45.0,45.0,45.0,45.0,36.671,0.0
LI5-1834411M,2018-04-04 02:51:55,GFF3-SVS-B7F,1485.4979999999998,1,0.6,25.0,29.0,43.0,43.0,29.0,43.0,43.0,43.0,44.0,115.58,0.0
LI5-1834411M,2018-04-04 04:02:09,GFGG-PRG-CJR,929.051,1,0.61,33.0,42.0,42.0,43.0,42.0,45.0,45.0,46.0,45.0,35.41,0.0
LI5-1834411M,2018-04-04 08:20:58,GFKH-MN3-MDN,6992.786999999999,1,0.61,37.0,47.0,46.0,47.0,47.0,46.0,46.0,28.0,46.0,40.02,0.0
LI5-1834411M,2018-04-04 08:01:30,GFME-7RG-DUE,5824.518,1,3.57,34.0,47.0,47.0,47.0,48.0,46.0,46.0,28.0,46.0,37.32,0.0
LI5-1834411M,2018-04-04 02:13:08,GFRH-JJG-8MS,588.966,1,0.61,25.0,46.0,46.0,46.0,46.0,46.0,46.0,45.0,46.0,27.66,0.0
LI5-1834411M,2018-04-04 08:14:30,GFZ3-8GY-GGZ,10293.072,1,0.61,35.0,43.0,43.0,44.0,43.0,40.0,41.0,41.0,40.0,38.52,0.0
LI5-1834411M,2018-04-04 12:51:13,GG26-G6K-AAB,360.526,1,0.61,114.0,34.0,34.0,34.0,34.0,30.0,31.0,27.0,31.0,120.52,0.0
LI5-1834411M,2018-04-04 05:58:50,GG5H-F7Y-MDZ,4702.004,1,0.61,24.0,45.0,45.0,45.0,45.0,28.0,43.0,30.0,44.0,27.13,0.0
LI5-1834411M,2018-04-04 05:23:09,GG5N-NJ6-U7D,4618.274,1,0.61,22.0,46.0,46.0,46.0,46.0,46.0,46.0,46.0,47.0,24.87,0.0
LI5-1834411M,2018-04-04 00:57:21,GG5Z-ACR-44B,4216.597,1,0.6,37.0,44.0,44.0,44.0,29.0,43.0,43.0,43.0,43.0,40.32,0.0
LI5-1834411M,2018-04-04 06:37:28,GG6F-74X-GWM,828.747,1,0.6,37.0,43.0,43.0,43.0,43.0,42.0,42.0,29.0,41.0,71.02,0.0
LI5-1834411M,2018-04-04 03:50:27,GG7Z-2MN-DER,5075.555,1,3.57,31.0,46.0,46.0,46.0,46.0,46.0,46.0,46.0,44.0,34.89,0.0
LI5-1834411M,2018-04-04 05:25:37,GG82-DRH-HDZ,4762.68,1,3.57,24.0,46.0,46.0,46.0,46.0,46.0,46.0,46.0,47.0,25.61,0.0
LI5-1834411M,2018-04-04 04:20:26,GGA2-PEN-E9B,6884.255,1,0.6,26.0,45.0,46.0,45.0,45.0,45.0,45.0,45.0,43.0,27.89,0.0
LI5-1834411M,2018-04-04 03:09:37,GGAH-HP5-G7V,570.3240000000001,1,3.57,35.0,46.0,45.0,46.0,46.0,46.0,45.0,46.0,46.0,35.77,0.0
LI5-1834411M,2018-04-04 04:46:47,GGAX-JUX-F6X,368.74,1,0.61,35.0,45.0,45.0,46.0,46.0,28.0,43.0,30.0,44.0,37.641999999999996,0.0
LI5-1834411M,2018-04-04 03:38:11,GGES-6JB-CM8,2288.291,1,0.61,29.0,27.0,45.0,45.0,45.0,47.0,47.0,47.0,47.0,34.82,0.0
LI5-1834411M,2018-04-04 06:26:38,GGGP-SES-DA7,145.156,1,0.61,25.0,46.0,46.0,46.0,46.0,27.0,30.0,30.0,30.0,27.57,0.0
LI5-1834411M,2018-04-04 06:21:03,GGPG-4HT-6JF,8074.531,1,0.61,39.0,47.0,48.0,47.0,48.0,47.0,46.0,29.0,47.0,42.65,0.0
LI5-1834411M,2018-04-04 04:44:27,GGSZ-KPU-U8B,8312.989,1,3.57,34.0,31.0,42.0,42.0,43.0,45.0,45.0,45.0,43.0,37.21,0.0
LI5-1834411M,2018-04-04 08:05:36,GGWW-HUW-KGD,9757.005,1,0.61,37.0,44.0,44.0,44.0,44.0,44.0,44.0,44.0,44.0,40.57,0.0
LI5-1834411M,2018-04-04 02:26:55,GH2E-X72-VKY,1404.507,1,3.58,35.0,29.0,42.0,42.0,42.0,46.0,45.0,29.0,45.0,36.181,0.0
LI5-1834411M,2018-04-04 03:17:36,GH34-F3S-3RB,2587.087,1,3.58,30.0,46.0,46.0,46.0,46.0,46.0,46.0,46.0,47.0,32.94,0.0
LI5-1834411M,2018-04-04 02:32:06,GH4D-J8N-9CW,5203.635,1,3.57,28.0,45.0,45.0,44.0,45.0,45.0,45.0,44.0,41.0,31.04,0.0
LI5-1834411M,2018-04-04 05:19:39,GH8S-GA2-CRR,4406.812,1,0.61,23.0,48.0,48.0,48.0,48.0,47.0,48.0,48.0,47.0,26.35,0.0
LI5-1834411M,2018-04-04 07:38:09,GHGP-AGD-2XK,4425.196,1,0.61,35.0,47.0,47.0,47.0,48.0,27.0,28.0,49.0,49.0,38.61,0.0
LI5-1834411M,2018-04-04 11:58:31,GHGU-N25-TX4,104.20299999999999,1,3.57,120.0,44.0,45.0,44.0,44.0,44.0,27.0,44.0,44.0,120.23,0.0
LI5-1834411M,2018-04-04 11:19:57,GHJU-47N-UE5,542.97,1,3.57,68.0,36.0,36.0,36.0,36.0,36.0,36.0,36.0,36.0,71.342,0.0
LI5-1834411M,2018-04-04 06:05:28,GHKH-FWR-HJ8,7139.182,1,0.61,39.0,47.0,47.0,47.0,46.0,47.0,47.0,47.0,47.0,42.99,0.0
LI5-1834411M,2018-04-04 08:17:27,GHMT-87W-YZG,6780.831,1,3.58,36.0,48.0,47.0,48.0,48.0,46.0,46.0,28.0,46.0,38.01,0.0
LI5-1834411M,2018-04-04 02:17:36,GHRH-CRE-E8N,4332.41,1,3.57,29.0,45.0,45.0,45.0,45.0,45.0,45.0,45.0,41.0,32.26,0.0
LI5-1834411M,2018-04-04 02:15:57,GHU2-2F7-MER,4230.463,1,3.57,35.0,47.0,47.0,47.0,46.0,46.0,46.0,46.0,41.0,35.191,0.0
LI5-1834411M,2018-04-04 04:41:19,GHUK-ZBV-RX7,8126.851,1,0.6,36.0,31.0,44.0,44.0,44.0,45.0,45.0,45.0,43.0,38.32,0.0
LI5-1834411M,2018-04-04 03:39:08,GHUN-S3R-2SB,3609.9970000000003,1,0.61,78.0,46.0,46.0,46.0,46.0,44.0,34.0,30.0,44.0,85.5,0.0
LI5-1834411M,2018-04-04 07:55:49,GHVF-Y3T-8AP,5451.996999999999,1,0.61,28.0,47.0,47.0,48.0,48.0,46.0,46.0,28.0,46.0,71.78,0.0
LI5-1834411M,2018-04-04 03:30:07,GJ29-E2N-BUP,1805.246,1,0.61,32.0,30.0,30.0,46.0,46.0,45.0,45.0,45.0,44.0,33.97,0.0
LI5-1834411M,2018-04-04 06:07:57,GJ3T-EGX-JE2,4374.978,1,3.57,30.0,43.0,43.0,43.0,43.0,41.0,41.0,28.0,26.0,33.07,0.0
LI5-1834411M,2018-04-04 04:42:39,GJ4E-VFH-UV7,2173.857,1,3.58,33.0,45.0,46.0,46.0,45.0,46.0,46.0,46.0,47.0,36.32,0.0
LI5-1834411M,2018-04-04 07:30:09,GJ4G-XJ6-XUE,3954.7509999999997,1,0.61,26.0,45.0,45.0,45.0,45.0,27.0,28.0,49.0,49.0,29.03,0.0
LI5-1834411M,2018-04-04 08:48:32,GJ6C-XKD-UJG,8644.61,1,3.57,37.0,48.0,48.0,48.0,48.0,48.0,48.0,49.0,48.0,39.25,0.0
LI5-1834411M,2018-04-04 04:06:49,GJDG-KY5-UHD,5327.705,1,3.57,23.0,45.0,45.0,45.0,45.0,46.0,46.0,46.0,45.0,25.83,0.0
LI5-1834411M,2018-04-04 08:03:57,GJDK-5F6-4PF,1573.588,1,0.6,34.0,41.0,41.0,41.0,41.0,41.0,41.0,41.0,41.0,37.07,0.0
LI5-1834411M,2018-04-04 07:05:50,GJDX-BT9-B7C,2209.113,1,0.61,25.0,46.0,46.0,46.0,47.0,31.0,32.0,46.0,46.0,28.95,0.0
LI5-1834411M,2018-04-04 00:00:36,GJK2-NUX-ZRG,1249.223,1,0.61,31.0,46.0,47.0,46.0,47.0,45.0,45.0,27.0,45.0,34.22,0.0
LI5-1834411M,2018-04-04 01:30:27,GJNW-B8E-MUV,6211.684,1,0.6,28.0,42.0,43.0,43.0,42.0,42.0,43.0,43.0,42.0,31.27,0.0
LI5-1834411M,2018-04-04 09:06:09,GJPU-XMN-DKW,9699.921,1,3.57,37.0,48.0,48.0,48.0,48.0,48.0,48.0,48.0,48.0,40.95,0.0
LI5-1834411M,2018-04-04 11:23:57,GJR7-UNB-RAB,735.4889999999999,1,3.58,119.0,36.0,36.0,36.0,36.0,36.0,36.0,36.0,36.0,120.42,1.0
LI5-1834411M,2018-04-04 01:39:56,GJVH-2TH-89B,2068.99,1,3.58,34.0,42.0,41.0,42.0,41.0,42.0,42.0,42.0,41.0,35.6,0.0
LI5-1834411M,2018-04-04 01:28:49,GJWY-JDF-3RR,692.758,1,0.61,35.0,30.0,45.0,45.0,46.0,26.0,37.0,36.0,36.0,37.441,0.0
LI5-1834411M,2018-04-04 12:05:07,GJZD-PWZ-XYR,532.15,1,3.58,35.0,33.0,33.0,33.0,33.0,44.0,27.0,44.0,44.0,96.83,0.0
LI5-1834411M,2018-04-04 01:25:19,GJZV-FW5-RNC,485.546,1,0.61,32.0,36.0,36.0,36.0,36.0,26.0,37.0,36.0,36.0,34.66,0.0
LI5-1834411M,2018-04-04 12:24:22,GK2U-998-B72,973.04,1,3.58,120.0,34.0,33.0,34.0,34.0,33.0,33.0,34.0,33.0,120.18,1.0
LI5-1834411M,2018-04-04 05:20:47,GK38-YD2-S7G,1460.2320000000002,1,0.6,37.0,42.0,42.0,42.0,42.0,41.0,41.0,28.0,26.0,120.74,0.0
LI5-1834411M,2018-04-04 06:23:32,GK82-PZJ-BUM,6174.146,1,0.61,35.0,46.0,45.0,45.0,45.0,45.0,45.0,45.0,45.0,37.02,0.0
LI5-1834411M,2018-04-04 05:16:01,GKAU-74P-BZB,4176.237,1,0.61,33.0,48.0,48.0,48.0,48.0,47.0,46.0,47.0,47.0,38.93,0.0
LI5-1834411M,2018-04-04 07:57:39,GKD5-GUB-E7T,5606.665,1,0.61,24.0,49.0,49.0,49.0,49.0,46.0,46.0,28.0,46.0,27.12,0.0
LI5-1834411M,2018-04-04 02:36:26,GKGT-P67-DWW,645.356,1,0.6,25.0,46.0,46.0,46.0,46.0,46.0,30.0,45.0,46.0,26.76,0.0
LI5-1834411M,2018-04-04 08:56:08,GKHP-KE9-9WP,9101.53,1,3.58,36.0,36.0,36.0,36.0,36.0,36.0,36.0,36.0,36.0,38.32,0.0
LI5-1834411M,2018-04-04 06:14:09,GKJS-JTD-SJJ,7664.554,1,3.57,32.0,47.0,47.0,47.0,46.0,47.0,46.0,29.0,47.0,35.66,0.0
LI5-1834411M,2018-04-04 11:46:02,GKP3-JKU-VF2,3670.5890000000004,1,0.6,31.0,41.0,41.0,41.0,41.0,43.0,43.0,43.0,43.0,34.38,0.0
LI5-1834411M,2018-04-04 06:58:50,GKR4-G5F-AVA,1788.277,1,0.61,26.0,46.0,46.0,46.0,47.0,28.0,45.0,27.0,45.0,29.76,0.0
LI5-1834411M,2018-04-04 11:36:58,GKT6-UUB-WSW,3090.0009999999997,1,0.6,40.0,40.0,40.0,40.0,40.0,40.0,40.0,40.0,40.0,72.38,0.0
LI5-1834411M,2018-04-04 06:04:57,GKTF-APJ-EYX,4196.209,1,0.6,31.0,42.0,42.0,42.0,42.0,41.0,41.0,28.0,26.0,34.82,0.0
LI5-1834411M,2018-04-04 03:36:20,GKWD-PP4-YSB,3497.388,1,0.61,27.0,46.0,46.0,46.0,46.0,46.0,46.0,46.0,29.0,30.1,0.0
LI5-1834411M,2018-04-04 02:04:23,GKWV-XBN-A8M,3536.618,1,0.61,34.0,44.0,45.0,45.0,45.0,45.0,44.0,44.0,41.0,37.971,0.0
LI5-1834411M,2018-04-04 08:50:09,GKYS-36M-7SN,8754.078000000001,1,3.58,24.0,48.0,48.0,47.0,48.0,48.0,48.0,48.0,48.0,26.76,0.0
LI5-1834411M,2018-04-04 03:11:24,GKZ7-9HC-HHN,677.622,1,0.61,36.0,29.0,44.0,44.0,44.0,44.0,44.0,44.0,44.0,38.431,0.0
LI5-1834411M,2018-04-04 03:59:28,GKZM-498-GYY,761.653,1,3.57,36.0,47.0,47.0,48.0,47.0,45.0,45.0,46.0,45.0,38.83,0.0
LI5-1834411M,2018-04-04 03:50:57,GKZT-R4T-ACY,1344.8770000000002,1,0.61,36.0,46.0,47.0,46.0,46.0,47.0,46.0,47.0,46.0,37.44,0.0
LI5-1834411M,2018-04-04 00:03:04,GKZY-PRG-AY5,1394.101,1,0.61,36.0,45.0,45.0,45.0,45.0,28.0,45.0,45.0,45.0,38.311,0.0
LI5-1834411M,2018-04-04 04:49:19,GM46-SPY-F7V,522.264,1,3.58,30.0,47.0,47.0,47.0,46.0,28.0,43.0,30.0,44.0,32.85,0.0
LI5-1834411M,2018-04-04 03:27:38,GM4A-REU-3HG,2968.1659999999997,1,0.61,34.0,42.0,41.0,42.0,42.0,46.0,47.0,46.0,44.0,37.33,0.0
LI5-1834411M,2018-04-04 03:14:09,GM5B-38S-DTA,846.9889999999999,1,3.57,28.0,44.0,44.0,44.0,44.0,44.0,44.0,45.0,44.0,31.14,0.0
LI5-1834411M,2018-04-04 03:33:59,GM6W-GEZ-DXG,324.036,1,0.61,38.0,26.0,46.0,46.0,26.0,47.0,46.0,46.0,47.0,40.24,0.0
LI5-1834411M,2018-04-04 03:16:01,GMAF-AWK-NPY,954.005,1,3.57,35.0,46.0,46.0,46.0,45.0,44.0,44.0,45.0,44.0,36.12,0.0
LI5-1834411M,2018-04-04 07:44:35,GMJC-VKW-876,4765.608,1,3.57,22.0,47.0,48.0,48.0,48.0,43.0,43.0,28.0,49.0,81.22,0.0
LI5-1834411M,2018-04-04 08:10:57,GMXJ-RBK-GT8,6389.36,1,0.65,39.0,47.0,47.0,48.0,48.0,46.0,46.0,28.0,46.0,42.411,0.0
LI5-1834411M,2018-04-04 08:00:35,GN2W-3ES-7ST,1674.582,1,0.61,36.0,45.0,45.0,45.0,45.0,44.0,45.0,45.0,44.0,39.27,0.0
LI5-1834411M,2018-04-04 11:32:39,GN6U-8EF-FZ9,2792.65,1,0.6,120.0,40.0,40.0,40.0,40.0,41.0,41.0,41.0,41.0,120.301,1.0
LI5-1834411M,2018-04-04 03:42:50,GNB3-2KU-RH7,3887.679,1,0.61,26.0,44.0,44.0,44.0,44.0,44.0,44.0,44.0,45.0,29.81,0.0
LI5-1834411M,2018-04-04 02:48:57,GNCW-5EF-5FU,1397.9189999999999,1,0.6,22.0,29.0,30.0,44.0,44.0,44.0,28.0,44.0,44.0,25.141,0.0
LI5-1834411M,2018-04-04 03:56:58,GNF8-SAC-84K,610.694,1,3.57,36.0,46.0,47.0,47.0,47.0,45.0,45.0,46.0,45.0,39.77,0.0
LI5-1834411M,2018-04-04 04:39:37,GNFH-JV7-W8K,1925.418,1,0.61,44.0,46.0,47.0,46.0,46.0,47.0,47.0,48.0,47.0,105.72,0.0
LI5-1834411M,2018-04-04 03:20:00,GNKY-9TV-M2W,2727.103,1,0.61,36.0,45.0,45.0,45.0,45.0,46.0,46.0,46.0,47.0,39.92,0.0
LI5-1834411M,2018-04-04 01:02:56,GNPS-FFT-ZJ4,4556.774,1,0.6,33.0,41.0,41.0,40.0,41.0,40.0,40.0,41.0,40.0,35.15,0.0
LI5-1834411M,2018-04-04 01:09:36,GNSJ-537-DN6,259.04400000000004,1,0.61,26.0,43.0,43.0,43.0,44.0,44.0,43.0,43.0,43.0,28.52,0.0
LI5-1834411M,2018-04-04 04:46:57,GNZW-2JW-ZGM,8467.687,1,3.57,29.0,45.0,30.0,30.0,45.0,45.0,45.0,45.0,46.0,32.52,0.0
LI5-1834411M,2018-04-04 00:57:02,GP29-CTV-NVU,4632.662,1,0.61,35.0,45.0,45.0,46.0,46.0,28.0,45.0,45.0,45.0,36.81,0.0
LI5-1834411M,2018-04-04 01:33:02,GP2H-XFM-ZFH,933.543,1,3.57,31.0,43.0,29.0,43.0,44.0,44.0,44.0,44.0,44.0,46.73,0.0
LI5-1834411M,2018-04-04 08:31:39,GP37-ZND-4NV,7630.55,1,0.61,40.0,45.0,45.0,45.0,45.0,46.0,46.0,28.0,46.0,43.25,0.0
LI5-1834411M,2018-04-04 04:58:09,GP8A-J3V-UN4,147.27,1,0.6,19.0,43.0,28.0,43.0,43.0,42.0,42.0,42.0,42.0,75.69,0.0
LI5-1834411M,2018-04-04 03:42:52,GPA6-5DG-PDU,860.3389999999999,1,0.61,35.0,46.0,47.0,46.0,46.0,46.0,45.0,46.0,46.0,36.95,0.0
LI5-1834411M,2018-04-04 09:15:09,GPC8-PF5-N57,10241.676,1,0.61,39.0,42.0,42.0,42.0,42.0,48.0,48.0,48.0,48.0,42.19,0.0
LI5-1834411M,2018-04-04 04:32:27,GPDH-7RC-SWY,7604.896,1,0.6,25.0,44.0,45.0,45.0,45.0,45.0,45.0,45.0,43.0,28.54,0.0
LI5-1834411M,2018-04-04 07:06:39,GPF5-XKT-W8P,2546.285,1,0.61,24.0,47.0,47.0,33.0,47.0,27.0,28.0,49.0,49.0,27.77,0.0
LI5-1834411M,2018-04-04 01:07:36,GPG8-K9A-5BT,127.68799999999999,1,0.61,36.0,44.0,44.0,44.0,45.0,44.0,44.0,44.0,44.0,39.87,0.0
LI5-1834411M,2018-04-04 04:55:27,GPK9-3EC-55R,17.848,1,0.6,29.0,43.0,28.0,43.0,43.0,44.0,43.0,43.0,43.0,31.81,0.0
LI5-1834411M,2018-04-04 03:21:21,GPMS-NUN-E3B,3322.82,1,3.57,38.0,45.0,45.0,45.0,44.0,42.0,42.0,30.0,44.0,41.3,0.0
LI5-1834411M,2018-04-04 04:27:09,GPN5-Z9Y-XNK,1254.925,1,0.61,25.0,45.0,45.0,45.0,45.0,45.0,45.0,45.0,47.0,28.19,0.0
LI5-1834411M,2018-04-04 02:07:36,GPP8-6CN-2PW,3739.183,1,3.58,22.0,43.0,43.0,43.0,44.0,44.0,43.0,43.0,41.0,25.43,0.0
LI5-1834411M,2018-04-04 04:11:49,GPRF-JXU-2U4,5625.491,1,0.61,27.0,45.0,45.0,45.0,45.0,46.0,46.0,46.0,45.0,31.02,0.0
LI5-1834411M,2018-04-04 03:45:24,GPTN-J7R-M87,1013.605,1,0.61,33.0,46.0,47.0,46.0,46.0,46.0,45.0,46.0,46.0,35.69,0.0
LI5-1834411M,2018-04-04 02:34:24,GPUG-K7N-VRU,453.11,1,3.57,33.0,42.0,41.0,42.0,42.0,42.0,42.0,42.0,44.0,93.98,0.0
LI5-1834411M,2018-04-04 04:16:56,GPUG-T4Y-BNN,6665.269,1,0.6,34.0,44.0,44.0,44.0,44.0,44.0,44.0,44.0,43.0,36.87,0.0
LI5-1834411M,2018-04-04 03:22:44,GPVP-46E-UZU,2669.973,1,3.57,35.0,45.0,45.0,45.0,45.0,45.0,45.0,44.0,44.0,38.55,0.0
LI5-1834411M,2018-04-04 11:02:01,GPVT-6BV-E29,1009.793,1,0.6,53.0,42.0,42.0,42.0,42.0,32.0,32.0,32.0,32.0,55.54,0.0
LI5-1834411M,2018-04-04 07:47:27,GPWD-G6S-UMB,587.2180000000001,1,0.6,30.0,41.0,41.0,41.0,41.0,41.0,41.0,41.0,41.0,33.42,0.0
LI5-1834411M,2018-04-04 06:41:44,GPXM-WPP-ZZK,1077.319,1,0.6,28.0,42.0,42.0,42.0,42.0,42.0,42.0,29.0,41.0,78.45,0.0
LI5-1834411M,2018-04-04 05:50:50,GPXS-6DS-9B5,6261.0,1,3.58,26.0,46.0,28.0,46.0,47.0,46.0,46.0,46.0,47.0,40.2,0.0
LI5-1834411M,2018-04-04 01:00:21,GPYD-NWM-8SN,4339.306,1,3.57,36.0,40.0,40.0,40.0,40.0,43.0,43.0,43.0,43.0,94.64,0.0
LI5-1834411M,2018-04-04 02:30:36,GR2R-XVV-929,1603.356,1,0.61,32.0,29.0,42.0,42.0,42.0,46.0,45.0,29.0,45.0,62.28,0.0
LI5-1834411M,2018-04-04 01:37:50,GR4Y-VXG-PUB,1231.589,1,0.61,36.0,47.0,47.0,47.0,46.0,46.0,47.0,47.0,44.0,39.65,0.0
LI5-1834411M,2018-04-04 03:05:36,GR67-7TH-JFX,1865.33,1,3.58,31.0,45.0,45.0,46.0,46.0,46.0,46.0,46.0,47.0,34.7,0.0
LI5-1834411M,2018-04-04 03:57:41,GRBH-97X-G7R,4770.09,1,0.61,35.0,45.0,45.0,45.0,46.0,45.0,45.0,45.0,45.0,38.4,0.0
LI5-1834411M,2018-04-04 03:40:09,GRBH-W4K-PB2,2407.319,1,3.57,28.0,46.0,46.0,46.0,46.0,46.0,46.0,47.0,46.0,30.8,0.0
LI5-1834411M,2018-04-04 04:20:08,GRCJ-XYX-CB8,6116.965999999999,1,0.61,35.0,47.0,47.0,47.0,46.0,47.0,47.0,46.0,45.0,38.53,0.0
LI5-1834411M,2018-04-04 11:34:32,GRHD-FXN-6NN,2998.97,1,3.56,25.0,40.0,40.0,40.0,40.0,40.0,40.0,40.0,40.0,28.55,0.0
LI5-1834411M,2018-04-04 08:14:57,GRNE-HW4-UNV,6630.215,1,0.61,38.0,48.0,48.0,48.0,48.0,46.0,46.0,28.0,46.0,41.61,0.0
LI5-1834411M,2018-04-04 02:35:55,GRVJ-YHK-92D,1863.93,1,0.61,119.0,44.0,44.0,44.0,44.0,44.0,44.0,44.0,44.0,120.11,1.0
LI5-1834411M,2018-04-04 04:05:21,GRX9-S53-3J8,5969.558000000001,1,0.6,34.0,43.0,44.0,43.0,43.0,44.0,44.0,44.0,43.0,37.87,0.0
LI5-1834411M,2018-04-04 01:05:36,GRXW-DY5-ZR7,6.1,1,0.61,38.0,43.0,43.0,43.0,43.0,43.0,43.0,43.0,43.0,41.44,0.0
LI5-1834411M,2018-04-04 04:23:39,GRZ2-U6S-M3C,1039.619,1,0.61,30.0,47.0,47.0,47.0,47.0,47.0,47.0,47.0,47.0,33.49,0.0
LI5-1834411M,2018-04-04 01:38:57,GS4T-N4R-CT8,6712.557,1,0.6,37.0,45.0,44.0,45.0,45.0,45.0,44.0,44.0,44.0,40.4,0.0
LI5-1834411M,2018-04-04 05:58:38,GS5V-B9F-EGP,6737.246999999999,1,0.61,33.0,47.0,47.0,48.0,47.0,46.0,46.0,46.0,47.0,34.91,0.0
LI5-1834411M,2018-04-04 03:14:13,GS84-BYT-SEZ,2161.085,1,3.58,34.0,47.0,47.0,47.0,47.0,46.0,45.0,46.0,45.0,36.41,0.0
LI5-1834411M,2018-04-04 04:44:48,GS9P-8WP-56X,249.982,1,0.61,36.0,46.0,46.0,47.0,47.0,28.0,43.0,30.0,44.0,37.12,0.0
LI5-1834411M,2018-04-04 03:06:09,GSCM-CC7-8T6,363.408,1,3.57,31.0,45.0,45.0,45.0,45.0,45.0,45.0,45.0,46.0,34.72,0.0
LI5-1834411M,2018-04-04 01:34:25,GSDT-33N-A5D,1738.106,1,3.57,35.0,43.0,42.0,43.0,42.0,43.0,43.0,43.0,43.0,35.52,0.0
LI5-1834411M,2018-04-04 01:46:57,GSFX-23Y-R66,7207.628000000001,1,0.6,23.0,44.0,44.0,44.0,44.0,44.0,44.0,44.0,41.0,25.33,0.0
LI5-1834411M,2018-04-04 05:23:27,GSJ5-VM5-PXK,1705.5279999999998,1,0.6,32.0,43.0,43.0,43.0,43.0,41.0,41.0,28.0,26.0,35.45,0.0
LI5-1834411M,2018-04-04 02:29:45,GSMY-RNU-A72,234.486,1,0.6,34.0,44.0,43.0,44.0,44.0,44.0,26.0,44.0,44.0,36.56,0.0
LI5-1834411M,2018-04-04 04:59:56,GSSJ-UXR-GB7,305.008,1,0.6,23.0,41.0,28.0,41.0,41.0,41.0,41.0,41.0,41.0,24.94,0.0
LI5-1834411M,2018-04-04 03:16:39,GSYM-W78-JX8,2965.074,1,0.6,120.0,46.0,46.0,47.0,46.0,43.0,43.0,43.0,44.0,120.72,1.0
LI5-1834411M,2018-04-04 07:49:49,GSZM-9EJ-8M9,5080.575,1,0.61,37.0,45.0,45.0,45.0,28.0,46.0,46.0,28.0,46.0,83.22,0.0
LI5-1834411M,2018-04-04 03:55:05,GT5C-9ZJ-HY4,496.958,1,0.61,38.0,43.0,43.0,43.0,44.0,45.0,45.0,46.0,45.0,43.49,0.0
LI5-1834411M,2018-04-04 03:56:26,GT5K-BXC-Y74,5426.781999999999,1,0.6,37.0,44.0,44.0,44.0,44.0,44.0,44.0,44.0,44.0,39.69,0.0
LI5-1834411M,2018-04-04 01:43:27,GT66-PU6-U58,6987.311,1,3.57,29.0,41.0,41.0,41.0,41.0,41.0,41.0,41.0,41.0,32.67,0.0
LI5-1834411M,2018-04-04 11:24:43,GTAR-DGK-73E,2301.5879999999997,1,3.57,119.0,40.0,40.0,40.0,40.0,40.0,40.0,40.0,41.0,120.11,0.0
LI5-1834411M,2018-04-04 02:54:16,GTC4-53J-ZPA,1699.056,1,3.57,38.0,44.0,44.0,44.0,44.0,43.0,43.0,43.0,44.0,40.04,0.0
LI5-1834411M,2018-04-04 05:01:44,GTCM-SWM-9VT,396.19599999999997,1,0.6,39.0,43.0,42.0,43.0,43.0,41.0,41.0,41.0,41.0,41.75,0.0
LI5-1834411M,2018-04-04 02:38:23,GTMX-JN9-HRD,750.725,1,3.57,33.0,45.0,46.0,46.0,46.0,46.0,30.0,45.0,46.0,35.64,0.0
LI5-1834411M,2018-04-04 02:44:39,GTUG-KPJ-HB6,2466.687,1,3.58,34.0,47.0,47.0,47.0,47.0,43.0,43.0,30.0,43.0,38.02,0.0
LI5-1834411M,2018-04-04 08:02:59,GTUK-2YD-FH3,9602.046999999999,1,0.61,35.0,46.0,46.0,45.0,45.0,41.0,41.0,41.0,41.0,38.51,0.0
LI5-1834411M,2018-04-04 03:33:21,GTUK-5JD-648,4050.877,1,0.6,33.0,45.0,44.0,45.0,45.0,45.0,45.0,45.0,44.0,36.24,0.0
LI5-1834411M,2018-04-04 11:50:27,GTWT-3Z4-Y5B,1139.983,1,0.61,22.0,36.0,35.0,36.0,35.0,33.0,33.0,33.0,32.0,23.66,0.0
LI5-1834411M,2018-04-04 03:18:27,GTYF-8YB-5MZ,2408.781,1,0.61,35.0,46.0,46.0,46.0,46.0,45.0,45.0,45.0,45.0,45.69,0.0
LI5-1834411M,2018-04-04 08:53:55,GTZK-V39-F2M,8973.544,1,0.61,34.0,48.0,48.0,48.0,48.0,48.0,48.0,48.0,48.0,36.27,0.0
LI5-1834411M,2018-04-04 01:00:52,GU3C-WVX-FGH,4804.218,1,0.61,40.0,40.0,40.0,40.0,40.0,28.0,45.0,45.0,45.0,96.27,0.0
LI5-1834411M,2018-04-04 06:38:57,GU7Z-YT6-DZ5,957.323,1,0.6,28.0,42.0,43.0,42.0,42.0,42.0,42.0,29.0,41.0,31.45,0.0
LI5-1834411M,2018-04-04 02:36:36,GUA2-HC6-AET,135.852,1,0.61,24.0,45.0,46.0,46.0,46.0,46.0,46.0,46.0,45.0,27.08,0.0
LI5-1834411M,2018-04-04 07:51:27,GUEE-AVK-3WJ,5220.791,1,0.61,39.0,47.0,47.0,47.0,47.0,46.0,46.0,28.0,46.0,40.99,0.0
LI5-1834411M,2018-04-04 03:36:37,GUHB-RNU-5YJ,2192.601,1,3.57,32.0,27.0,45.0,45.0,45.0,46.0,45.0,45.0,46.0,33.616,0.0
LI5-1834411M,2018-04-04 03:16:07,GUM7-6BK-5YX,2273.9429999999998,1,3.57,34.0,46.0,46.0,46.0,46.0,46.0,45.0,46.0,45.0,37.58,0.0
LI5-1834411M,2018-04-04 08:01:56,GUMK-ZKC-N3U,1459.43,1,3.56,26.0,41.0,41.0,41.0,41.0,42.0,42.0,42.0,41.0,27.35,0.0
LI5-1834411M,2018-04-04 09:03:53,GUMR-FVK-8X8,9566.913,1,3.58,34.0,48.0,48.0,48.0,48.0,46.0,46.0,46.0,46.0,37.98,0.0
LI5-1834411M,2018-04-04 03:35:01,GUSZ-W5E-9UM,2054.4120000000003,1,0.61,23.0,44.0,44.0,44.0,45.0,45.0,45.0,45.0,44.0,78.70100000000001,0.0
LI5-1834411M,2018-04-04 02:50:09,GUTC-DC4-W52,2804.237,1,3.58,27.0,44.0,44.0,44.0,44.0,44.0,44.0,44.0,43.0,30.471,0.0
LI5-1834411M,2018-04-04 04:21:38,GUTE-J73-MSC,921.663,1,0.61,28.0,47.0,31.0,47.0,47.0,47.0,47.0,47.0,47.0,30.43,0.0
LI5-1834411M,2018-04-04 03:43:56,GUUH-CA4-NK8,4696.652,1,0.6,23.0,44.0,45.0,44.0,44.0,45.0,44.0,45.0,44.0,25.45,0.0
LI5-1834411M,2018-04-04 07:14:09,GUWV-S3E-SMX,2992.438,1,0.61,28.0,28.0,48.0,48.0,47.0,27.0,28.0,49.0,49.0,31.33,0.0
LI5-1834411M,2018-04-04 01:19:50,GUZE-XWB-F7F,146.842,1,3.57,38.0,44.0,43.0,44.0,44.0,44.0,43.0,44.0,43.0,41.42,0.0
LI5-1834411M,2018-04-04 07:07:44,GV4N-38D-ANE,2315.841,1,0.61,35.0,44.0,44.0,44.0,45.0,31.0,32.0,46.0,46.0,36.6,0.0
LI5-1834411M,2018-04-04 04:18:41,GV74-M5U-34V,6769.847,1,0.6,36.0,45.0,45.0,28.0,44.0,44.0,44.0,44.0,43.0,37.41,0.0
LI5-1834411M,2018-04-04 07:41:39,GV83-DWW-SAX,4647.48,1,0.61,24.0,43.0,43.0,30.0,43.0,43.0,43.0,28.0,49.0,26.31,0.0
LI5-1834411M,2018-04-04 06:02:08,GV87-P3V-9BN,4887.872,1,0.61,36.0,45.0,45.0,45.0,45.0,28.0,43.0,30.0,44.0,39.27,0.0
LI5-1834411M,2018-04-04 04:56:44,GVFP-3SW-B2K,965.685,1,0.61,35.0,46.0,46.0,46.0,46.0,28.0,43.0,30.0,44.0,37.43,0.0
LI5-1834411M,2018-04-04 09:01:30,GVG3-DJF-FGZ,9424.657,1,3.57,34.0,45.0,46.0,45.0,46.0,46.0,46.0,46.0,46.0,37.23,0.0
LI5-1834411M,2018-04-04 11:41:24,GVGJ-SC2-43P,3366.692,1,0.6,59.0,40.0,40.0,40.0,40.0,27.0,34.0,34.0,33.0,60.27,0.0
LI5-1834411M,2018-04-04 08:58:54,GVMD-FDE-FGP,9272.449,1,0.61,34.0,46.0,47.0,46.0,47.0,47.0,47.0,47.0,46.0,36.36,0.0
LI5-1834411M,2018-04-04 02:11:08,GVPE-7N3-3ZS,453.30800000000005,1,3.57,38.0,31.0,43.0,43.0,43.0,45.0,45.0,45.0,45.0,40.37,0.0
LI5-1834411M,2018-04-04 02:00:02,GVS2-MTJ-NGK,3543.364,1,3.57,35.0,44.0,45.0,45.0,45.0,46.0,46.0,46.0,45.0,35.631,0.0
LI5-1834411M,2018-04-04 01:36:58,GVSH-4VS-KRM,6514.009,1,0.6,119.0,44.0,43.0,44.0,44.0,44.0,43.0,44.0,44.0,120.05,1.0
LI5-1834411M,2018-04-04 03:47:06,GVSP-62K-4DE,1119.173,1,0.61,29.0,46.0,47.0,46.0,46.0,47.0,46.0,47.0,46.0,32.14,0.0
LI5-1834411M,2018-04-04 07:48:38,GVUF-UF3-FZP,957.169,1,3.57,34.0,45.0,45.0,46.0,46.0,43.0,43.0,43.0,43.0,36.72,0.0
LI5-1834411M,2018-04-04 02:31:26,GVUW-PDC-ZFK,340.394,1,0.6,29.0,42.0,42.0,42.0,42.0,42.0,42.0,42.0,44.0,31.65,0.0
LI5-1834411M,2018-04-04 03:59:27,GVVF-U26-8P8,5614.343000000001,1,0.6,35.0,46.0,46.0,46.0,46.0,46.0,46.0,46.0,44.0,38.78,0.0
LI5-1834411M,2018-04-04 12:45:35,GVYS-TER-MTJ,76.961,1,0.61,36.0,34.0,34.0,34.0,34.0,34.0,34.0,27.0,34.0,65.83,0.0
LI5-1834411M,2018-04-04 03:24:00,GVZA-GZH-ECN,2968.6,1,0.61,35.0,46.0,46.0,46.0,47.0,46.0,46.0,46.0,47.0,38.42,0.0
LI5-1834411M,2018-04-04 01:20:57,GW2S-ESN-D5M,5641.427,1,3.57,26.0,28.0,39.0,39.0,39.0,39.0,39.0,30.0,39.0,28.54,0.0
LI5-1834411M,2018-04-04 04:48:45,GW3N-S9N-3V5,8569.646,1,0.6,39.0,45.0,44.0,44.0,45.0,45.0,45.0,45.0,46.0,41.8,0.0
LI5-1834411M,2018-04-04 05:13:43,GW5K-4FK-7KX,1984.632,1,0.61,35.0,45.0,45.0,45.0,45.0,28.0,43.0,30.0,44.0,37.49,0.0
LI5-1834411M,2018-04-04 03:26:14,GW5X-CMX-43N,3619.745,1,3.56,34.0,44.0,45.0,44.0,45.0,45.0,45.0,45.0,44.0,37.4,0.0
LI5-1834411M,2018-04-04 03:40:51,GW85-6AE-6U9,3769.055,1,3.57,22.0,46.0,46.0,46.0,46.0,45.0,45.0,46.0,45.0,26.47,0.0
LI5-1834411M,2018-04-04 04:02:06,GW9C-EY2-YDJ,2008.306,1,3.58,37.0,46.0,47.0,46.0,46.0,46.0,46.0,46.0,46.0,40.06,0.0
LI5-1834411M,2018-04-04 02:35:06,GWAM-YZF-B4A,36.124,1,3.58,30.0,44.0,44.0,44.0,44.0,44.0,44.0,44.0,44.0,33.89,0.0
LI5-1834411M,2018-04-04 04:28:57,GWB7-FPA-6T6,7394.718000000001,1,0.6,25.0,43.0,43.0,43.0,43.0,45.0,45.0,45.0,43.0,28.44,0.0
LI5-1834411M,2018-04-04 11:11:17,GWBX-EH5-AMK,1548.7520000000002,1,0.6,52.0,31.0,31.0,31.0,31.0,32.0,32.0,31.0,28.0,70.08,0.0
LI5-1834411M,2018-04-04 02:02:05,GWDS-N8D-5YC,3666.153,1,3.57,35.0,45.0,46.0,46.0,46.0,46.0,46.0,46.0,45.0,35.85,0.0
LI5-1834411M,2018-04-04 01:14:27,GWFU-546-3CA,5254.557,1,3.57,23.0,42.0,42.0,42.0,42.0,42.0,42.0,42.0,42.0,25.39,0.0
LI5-1834411M,2018-04-04 04:22:10,GWFU-KWG-PB3,6238.484,1,3.58,34.0,46.0,46.0,46.0,46.0,47.0,47.0,46.0,45.0,36.05,0.0
LI5-1834411M,2018-04-04 11:49:27,GWFZ-352-5AA,3808.2670000000003,1,3.54,40.0,39.0,39.0,40.0,40.0,43.0,43.0,43.0,43.0,98.76,0.0
LI5-1834411M,2018-04-04 02:41:09,GWGP-AD9-4MS,2263.551,1,3.58,29.0,47.0,47.0,47.0,47.0,47.0,47.0,47.0,47.0,31.15,0.0
LI5-1834411M,2018-04-04 01:23:03,GWH5-FMT-2F8,347.85,1,0.61,35.0,45.0,45.0,46.0,45.0,44.0,43.0,44.0,43.0,36.37,0.0
LI5-1834411M,2018-04-04 03:19:11,GWHE-48E-B2P,3196.8320000000003,1,3.57,35.0,42.0,42.0,42.0,42.0,42.0,42.0,30.0,44.0,37.28,0.0
LI5-1834411M,2018-04-04 01:27:34,GWKN-H39-S78,1337.513,1,0.61,27.0,42.0,42.0,42.0,42.0,42.0,42.0,42.0,42.0,29.07,0.0
LI5-1834411M,2018-04-04 04:14:20,GWM5-EW8-NNG,5771.44,1,3.59,30.0,47.0,47.0,46.0,47.0,47.0,47.0,46.0,45.0,33.1,0.0
LI5-1834411M,2018-04-04 03:46:19,GWMB-UBH-83M,4826.51,1,3.57,34.0,43.0,43.0,43.0,42.0,45.0,44.0,45.0,44.0,35.63,0.0
LI5-1834411M,2018-04-04 03:17:39,GWMR-XGR-7UF,1060.573,1,0.61,27.0,47.0,47.0,47.0,47.0,47.0,47.0,48.0,44.0,30.52,0.0
LI5-1834411M,2018-04-04 02:45:56,GWVK-E9S-MVN,1215.447,1,0.6,24.0,45.0,45.0,45.0,45.0,45.0,46.0,45.0,42.0,26.89,0.0
LI5-1834411M,2018-04-04 07:10:52,GWWC-WDF-V63,2787.861,1,0.61,36.0,48.0,48.0,48.0,48.0,27.0,28.0,49.0,49.0,38.89,0.0
LI5-1834411M,2018-04-04 02:21:37,GWYM-JHN-9VP,1089.657,1,3.58,32.0,30.0,42.0,42.0,42.0,42.0,42.0,42.0,42.0,33.1,0.0
LI5-1834411M,2018-04-04 07:08:26,GX34-96R-CJS,2641.493,1,0.61,37.0,47.0,47.0,47.0,47.0,27.0,28.0,49.0,49.0,39.27,0.0
LI5-1834411M,2018-04-04 11:49:04,GX3X-YKK-FBZ,1013.268,1,3.57,56.0,36.0,35.0,36.0,35.0,32.0,27.0,32.0,33.0,62.87,0.0
LI5-1834411M,2018-04-04 06:07:40,GX5M-AZJ-UDE,7263.308000000001,1,0.61,36.0,47.0,47.0,47.0,46.0,47.0,46.0,29.0,47.0,50.87,0.0
LI5-1834411M,2018-04-04 05:05:49,GX74-DBS-RTR,1519.006,1,0.61,27.0,45.0,28.0,45.0,45.0,28.0,43.0,30.0,44.0,29.1,0.0
LI5-1834411M,2018-04-04 01:44:35,GX95-4DE-A6S,2347.549,1,0.61,36.0,43.0,43.0,43.0,43.0,43.0,43.0,43.0,41.0,40.04,0.0
LI5-1834411M,2018-04-04 02:48:08,GXAF-XPT-MWN,2691.9709999999995,1,0.61,23.0,46.0,46.0,46.0,46.0,44.0,44.0,44.0,43.0,24.69,0.0
LI5-1834411M,2018-04-04 05:17:44,GXF7-9N4-SB5,2223.129,1,3.58,34.0,46.0,46.0,46.0,46.0,28.0,43.0,30.0,44.0,37.02,0.0
LI5-1834411M,2018-04-04 01:38:06,GXFY-JGA-4KS,1954.382,1,0.61,40.0,44.0,44.0,44.0,44.0,44.0,44.0,44.0,44.0,43.2,0.0
LI5-1834411M,2018-04-04 03:59:53,GXHN-6FW-5XA,1878.912,1,0.61,36.0,44.0,45.0,45.0,45.0,45.0,45.0,45.0,46.0,39.39,0.0
LI5-1834411M,2018-04-04 08:46:49,GXJ7-9NH-28Z,8500.421,1,0.61,40.0,42.0,42.0,42.0,42.0,42.0,42.0,42.0,42.0,83.411,0.0
LI5-1834411M,2018-04-04 02:29:55,GXMP-6FJ-4VU,5063.657,1,3.58,37.0,45.0,45.0,45.0,45.0,45.0,45.0,45.0,41.0,39.98,0.0
LI5-1834411M,2018-04-04 05:48:29,GXP4-4ME-BMZ,6123.045999999999,1,3.58,34.0,46.0,28.0,46.0,47.0,46.0,46.0,46.0,47.0,37.15,0.0
LI5-1834411M,2018-04-04 07:28:27,GXRX-KXZ-MVA,3841.833,1,3.57,35.0,46.0,46.0,46.0,46.0,27.0,28.0,49.0,49.0,36.96,0.0
LI5-1834411M,2018-04-04 04:54:20,GXSB-JZJ-F95,823.487,1,3.58,29.0,46.0,45.0,46.0,46.0,28.0,43.0,30.0,44.0,32.66,0.0
LI5-1834411M,2018-04-04 02:20:35,GXTR-C84-4P5,4512.616,1,3.58,28.0,29.0,41.0,41.0,41.0,45.0,45.0,45.0,41.0,32.03,0.0
LI5-1834411M,2018-04-04 07:33:27,GXU2-BM9-JM9,4061.619,1,0.61,119.0,45.0,45.0,45.0,45.0,27.0,28.0,49.0,49.0,120.08,0.0
LI5-1834411M,2018-04-04 03:37:42,GXY9-ZRT-NYA,4309.14,1,0.6,35.0,46.0,47.0,46.0,46.0,47.0,46.0,46.0,44.0,38.97,0.0
LI5-1834411M,2018-04-04 08:08:55,GXYC-5BN-A2R,9954.673,1,3.58,36.0,41.0,40.0,40.0,41.0,40.0,41.0,41.0,40.0,38.951,0.0
LI5-1834411M,2018-04-04 02:57:34,GXZ8-N69-DD7,1384.8529999999998,1,3.58,32.0,46.0,46.0,47.0,46.0,46.0,46.0,46.0,47.0,33.271,0.0
LI5-1834411M,2018-04-04 04:29:09,GY2R-RVS-W6E,1369.6129999999998,1,3.58,27.0,47.0,47.0,47.0,47.0,47.0,47.0,47.0,47.0,30.54,0.0
LI5-1834411M,2018-04-04 03:55:04,GY3Y-SCZ-FSR,1594.9520000000002,1,0.61,33.0,46.0,46.0,45.0,46.0,46.0,46.0,46.0,46.0,35.38,0.0
LI5-1834411M,2018-04-04 06:25:07,GY4S-THD-MTG,6266.65,1,0.61,36.0,46.0,45.0,45.0,45.0,45.0,34.0,45.0,35.0,39.506,0.0
LI5-1834411M,2018-04-04 01:27:11,GY59-8N6-6MT,595.1519999999999,1,0.61,35.0,30.0,45.0,45.0,46.0,26.0,37.0,36.0,36.0,37.07,0.0
LI5-1834411M,2018-04-04 06:30:39,GY6J-TEZ-EVN,382.67,1,0.61,28.0,49.0,49.0,48.0,26.0,27.0,28.0,49.0,49.0,31.07,0.0
LI5-1834411M,2018-04-04 08:19:09,GY78-NBM-2SP,6896.019,1,0.61,24.0,46.0,46.0,46.0,46.0,46.0,46.0,28.0,46.0,27.81,0.0
LI5-1834411M,2018-04-04 04:05:58,GY9S-N43-CBS,2246.5589999999997,1,0.62,35.0,47.0,46.0,46.0,47.0,46.0,46.0,46.0,46.0,37.76,0.0
LI5-1834411M,2018-04-04 01:33:57,GYD6-WHE-VF5,6417.651,1,3.57,29.0,44.0,43.0,44.0,44.0,44.0,43.0,44.0,44.0,32.33,0.0
LI5-1834411M,2018-04-04 01:41:41,GYTC-HU6-WJA,1466.0320000000002,1,0.61,34.0,44.0,43.0,44.0,44.0,46.0,46.0,45.0,44.0,36.19,0.0
LI5-1834411M,2018-04-04 02:00:53,GYV5-KNV-4WJ,3324.4359999999997,1,3.58,34.0,45.0,45.0,45.0,45.0,45.0,45.0,45.0,41.0,37.18,0.0
LI5-1834411M,2018-04-04 06:53:20,GYW2-JYP-8C6,1460.915,1,0.61,24.0,45.0,45.0,46.0,46.0,28.0,45.0,27.0,45.0,27.13,0.0
LI5-1834411M,2018-04-04 07:43:50,GZ2R-59T-4VM,364.61199999999997,1,0.6,37.0,42.0,42.0,42.0,42.0,29.0,40.0,40.0,40.0,39.01,0.0
LI5-1834411M,2018-04-04 11:43:29,GZ8H-CX9-4H8,3518.304,1,0.6,35.0,43.0,43.0,43.0,43.0,43.0,43.0,43.0,43.0,36.481,0.0
LI5-1834411M,2018-04-04 05:54:09,GZ9P-BK9-SVK,6477.749,1,0.61,22.0,46.0,47.0,47.0,46.0,46.0,46.0,46.0,47.0,25.43,0.0
LI5-1834411M,2018-04-04 02:14:01,GZBR-WPN-V7H,4116.727,1,0.61,33.0,46.0,46.0,46.0,46.0,46.0,46.0,46.0,41.0,35.85,0.0
LI5-1834411M,2018-04-04 03:38:04,GZDA-9BB-ZNP,579.582,1,3.58,25.0,45.0,46.0,46.0,45.0,46.0,46.0,46.0,47.0,27.77,0.0
LI5-1834411M,2018-04-04 07:26:02,GZDF-XHS-4VR,3736.935,1,0.61,0.0,44.0,43.0,44.0,43.0,27.0,28.0,49.0,49.0,0.17,0.0
LI5-1834411M,2018-04-04 04:54:00,GZE7-6EK-UXN,2857.2059999999997,1,0.61,34.0,47.0,47.0,46.0,47.0,47.0,47.0,47.0,47.0,36.93,0.0
LI5-1834411M,2018-04-04 02:59:35,GZEE-DC3-8P6,1509.068,1,0.61,30.0,46.0,46.0,46.0,46.0,46.0,46.0,46.0,47.0,32.91,0.0
LI5-1834411M,2018-04-04 08:28:08,GZH9-UEB-4SU,7424.762,1,3.57,33.0,42.0,42.0,42.0,42.0,46.0,46.0,28.0,46.0,35.07,0.0
LI5-1834411M,2018-04-04 04:58:50,GZKF-TUJ-ETD,1094.903,1,0.61,32.0,46.0,47.0,47.0,46.0,28.0,43.0,30.0,44.0,34.2,0.0
LI5-1834411M,2018-04-04 05:28:11,GZND-GDM-6J6,1930.122,1,3.57,38.0,41.0,41.0,41.0,28.0,41.0,41.0,28.0,26.0,91.89,0.0
LI5-1834411M,2018-04-04 04:17:39,GZP7-75S-5XU,670.692,1,0.61,39.0,47.0,26.0,47.0,28.0,47.0,46.0,47.0,47.0,42.711000000000006,0.0
LI5-1834411M,2018-04-04 04:52:09,GZPR-GSM-56D,2739.587,1,3.57,37.0,47.0,47.0,47.0,47.0,47.0,47.0,47.0,47.0,40.57,0.0
LI5-1834411M,2018-04-04 05:21:28,GZR6-E82-G3X,4504.335999999999,1,3.57,33.0,47.0,47.0,48.0,47.0,47.0,48.0,48.0,47.0,34.96,0.0
LI5-1834411M,2018-04-04 08:43:41,GZUD-YSV-BDB,8359.553,1,3.58,29.0,42.0,42.0,42.0,42.0,46.0,46.0,28.0,46.0,33.31,0.0
LI5-1834411M,2018-04-04 02:19:38,GZV3-37V-TGW,972.299,1,0.61,32.0,45.0,44.0,45.0,45.0,42.0,41.0,42.0,41.0,35.36,0.0
LI5-1834411M,2018-04-04 07:00:50,GZZ6-R7H-WUN,1902.943,1,3.58,29.0,46.0,46.0,46.0,46.0,28.0,45.0,27.0,45.0,32.13,0.0
LI5-1834411M,2018-07-17 13:43:25,GVEH-NZA-3M5,1.712,1,3.56,1.0,41.0,41.0,41.0,41.0,41.0,41.0,41.0,41.0,3.96,0.0
